income,Wealth
3714,42
720,11
781,84
1556,0
255,16
835,1
1312,0
68,38
853,1
1323,4
12,-1
2540,-3
189,-1
664,0
1060,49
737,-2
2514,9
678,8
2431,3
83,8
1538,7
1029,13
442,-3
134,2
2822,24
2277,5
265,50
531,40
254,5
393,6
138,4
630,4
417,9
3224,18
3755,2
2595,14
225,18
121,16
1183,7
1314,1
2963,10
6480,27
156,34
380,11
609,22
850,24
3385,0
1622,9
266,4
10,25
109,20
878,3
77,31
2431,8
1507,-3
919,3
1175,-3
1957,16
3680,14
2115,0
1770,11
1249,1
566,23
545,22
2263,1
62,62
382,-1
300,28
3127,10
3666,-1
1329,0
2476,31
2660,49
765,-1
288,20
3487,1
342,9
2475,0
488,37
864,2
512,21
586,-2
736,1
3408,11
118,-2
2306,5
752,14
101,34
352,31
906,-2
1593,8
886,31
527,2
3853,-2
369,8
2177,7
1774,65
818,16
236,76
551,7
368,2
2662,11
108,1
2984,19
2102,4
421,1
2212,98
945,57
912,6
888,15
208,2
262,-2
269,57
123,14
2629,12
248,52
971,-4
266,16
295,6
1210,6
601,102
228,-3
67,31
1291,23
366,-1
933,-1
2263,9
1481,-3
2866,-3
680,20
3912,17
1131,9
308,1
2790,5
1330,45
828,-2
3902,2
3422,5
411,-2
1388,26
386,9
2530,27
162,-1
1167,4
1163,4
1902,4
3578,20
2145,32
2746,6
42,2
958,12
860,9
2466,16
1279,16
974,31
25,92
1167,1
2873,1
1058,75
1467,4
312,-2
754,-2
3188,3
1359,6
1371,-2
873,10
3905,1
255,25
2609,12
2421,9
1513,7
87,9
1364,3
1470,11
439,17
833,40
2301,35
1074,-2
549,0
745,15
631,47
1427,37
1010,6
903,30
300,1
1373,40
743,0
148,5
198,7
430,6
3176,2
1916,1
3752,15
591,15
2047,21
86,30
1438,33
231,64
2776,-1
1134,0
168,28
1205,23
3112,-4
929,-1
1027,15
1328,28
325,48
501,35
248,13
634,1
2516,2
2329,-1
342,30
4743,-1
1109,26
889,14
2862,21
1460,19
1750,1
332,23
2614,9
567,4
159,37
139,10
560,2
59,-1
5339,-3
2009,1
7469,-4
262,-2
2180,4
262,12
192,5
858,51
4862,6
3470,-4
2884,11
3668,-1
3756,7
1669,35
1709,29
2515,29
73,4
2559,4
3792,1
47,15
1096,8
2671,2
389,4
592,129
1573,11
1278,32
5929,3
4881,9
1661,96
1028,2
722,-1
665,4
3336,16
261,38
3203,-5
1664,94
1487,-2
94,-2
3497,8
105,9
521,4
6859,1
713,32
258,23
5207,-1
2410,3
1344,11
2836,7
1841,16
244,17
592,1
3231,10
310,189
1830,59
950,4
80,26
1328,0
2438,-1
838,-2
1474,7
552,32
456,36
1798,2
933,4
441,21
609,-2
149,-3
1762,0
160,79
721,5
1787,2
757,4
1481,-3
5193,79
944,16
3290,5
2668,34
185,6
496,18
778,-3
1227,29
1086,12
618,24
408,7
2116,7
948,3
225,0
1182,9
3634,9
850,25
738,53
3081,-3
761,-4
326,7
839,23
81,-3
410,1
1067,3
575,9
419,64
130,8
1425,-3
377,7
1658,38
1663,4
3707,22
2030,2
1944,-1
5682,7
1863,19
309,9
215,29
4451,5
122,0
5112,6
2102,8
8037,2
1262,13
882,-1
479,37
166,86
451,34
4517,-4
2148,3
3075,10
3797,0
2785,2
569,14
551,4
371,9
473,13
1367,4
1812,12
864,24
1060,11
1486,-1
1064,9
14,3
1420,1
2869,5
1699,5
775,-2
451,-3
980,-3
351,29
387,-2
1676,54
2027,9
462,60
516,5
55,1
747,20
2882,31
702,-3
4451,28
1805,22
2012,10
512,4
2795,9
541,4
1474,7
405,11
489,9
322,20
639,16
618,-1
610,-1
4058,19
362,23
128,64
62,37
2581,2
1965,0
2414,21
2456,38
8,57
8777,-4
908,-1
326,8
1568,60
2211,0
784,44
736,9
1069,-3
5744,3
149,18
3949,18
2181,0
434,-2
589,10
881,5
1757,-2
29,5
630,24
745,14
972,-2
637,1
3086,0
1862,10
1630,2
3788,-2
1219,1
4734,12
1146,7
382,19
474,6
3841,1
2019,5
3933,13
6608,7
231,-1
401,26
232,3
2469,4
472,9
1012,6
2135,9
1627,3
2842,1
311,1
3303,8
1031,46
2139,9
4541,-3
1725,20
154,2
457,5
3376,1
193,33
1021,5
4956,-1
1040,1
354,-2
1755,22
431,8
5062,9
1243,2
93,1
113,57
512,11
3446,14
586,9
158,26
581,0
177,13
3889,22
396,2
739,26
1415,-1
1105,3
1703,-2
3182,37
3849,4
2671,-1
3155,2
1666,25
109,8
362,19
2977,4
148,-2
189,27
480,15
6536,4
371,-2
669,8
677,-2
3521,-2
1304,17
4550,1
4323,0
396,2
568,-1
136,15
5336,7
1270,4
106,18
340,16
245,2
817,-2
476,57
1740,14
1166,13
2681,-3
25,30
1145,0
1339,11
676,18
2143,12
3039,7
3740,5
643,-2
229,-4
445,71
785,138
4645,0
441,2
351,3
1410,4
622,27
1916,111
649,4
2903,4
808,-2
1470,29
505,4
739,33
1389,5
1232,10
1269,11
41,31
697,30
1099,7
601,17
217,-2
2605,0
293,10
308,8
927,2
2900,3
34,88
570,37
5024,4
168,15
627,18
834,9
496,-1
12,6
297,6
352,12
8000,5
378,-3
88,0
1212,62
173,-1
2881,2
123,-2
4129,2
955,20
382,-1
203,47
1289,28
55,-1
533,4
640,1
1755,47
1061,23
608,20
271,42
1231,28
2035,8
698,2
4877,5
274,9
962,34
19,16
177,38
2147,63
1061,15
919,6
32,28
3416,21
5506,122
226,-1
2568,7
476,29
579,1
2697,-2
1056,19
337,22
4496,73
845,-1
1,39
3658,-4
2803,25
1982,-1
80,3
7309,54
2042,10
1403,12
781,3
775,21
208,9
4158,14
533,0
1602,36
2381,0
2128,29
70,6
2910,26
566,7
10308,6
2688,53
657,-4
1288,16
1162,9
1131,7
1215,3
180,7
938,17
3051,1
36,-3
1492,3
2542,-3
858,2
2361,10
4889,17
872,-3
2071,4
2813,12
1370,-2
688,32
490,1
989,3
3829,21
392,28
657,9
7550,3
2306,65
1557,0
1481,33
284,12
304,8
5824,7
91,32
365,35
2244,-1
670,83
206,66
5616,19
264,4
2107,126
2544,7
185,52
1255,4
3487,5
1674,26
1302,-2
2080,15
801,35
188,-2
2953,51
42,-2
58,-2
207,44
2672,5
1191,36
1658,10
2945,6
788,16
4527,22
1236,21
4454,10
1849,-1
2949,43
97,11
1684,-3
1539,11
803,15
424,9
757,6
1908,-1
3169,-4
606,1
168,2
1575,13
460,44
5158,-2
532,70
393,7
2809,-1
3996,16
431,0
2083,0
750,2
2206,70
854,-5
66,19
784,12
1063,18
2162,31
1030,15
1040,3
3177,4
2286,10
925,10
775,1
1335,15
2999,2
558,31
1768,48
550,0
806,6
1594,6
418,3
1207,25
246,15
984,47
3433,13
2902,7
1297,23
3138,18
965,13
1076,0
4987,38
68,16
3215,1
839,32
97,15
279,5
474,-1
607,-2
1754,7
648,1
323,23
18,26
1294,21
1436,10
1275,6
706,33
285,1
1977,-1
4230,60
1765,-1
2000,9
199,14
336,10
319,12
1194,-2
465,-3
755,19
966,2
782,13
3316,4
7549,-1
1530,23
163,-2
2016,4
1948,17
3025,0
1860,17
419,1
218,22
2429,2
5359,11
76,1
2006,-1
133,18
1985,0
822,33
1847,-1
763,-1
119,0
57,-1
1605,15
1812,15
189,4
1057,35
1019,2
3818,120
406,14
366,62
2452,87
703,20
1166,8
242,12
488,8
1810,45
725,17
3990,12
2258,2
6426,4
6,13
176,36
537,4
388,4
2269,5
469,4
1234,24
451,26
175,8
68,128
1145,7
1182,-1
365,20
283,9
2329,40
2945,-2
1616,1
71,18
4054,22
3361,25
2440,5
1925,10
543,3
2656,25
563,-4
1662,0
1141,-3
2781,3
454,29
2024,4
44,9
1217,5
2343,-1
1282,7
52,-2
374,5
2236,-1
159,8
1990,24
938,8
2101,15
179,1
4462,30
1017,3
4262,3
2210,-3
154,19
377,47
4881,-2
3369,13
1031,1
452,25
721,12
707,6
637,86
3082,38
677,2
1012,49
446,2
3356,-3
550,55
2159,1
400,8
0,0
1155,14
150,0
1822,6
1503,-2
1652,13
1848,-2
2876,-3
5215,105
2787,2
246,89
757,-4
2290,-3
8344,6
1735,11
2586,16
1233,1
2287,14
2781,8
2484,27
1227,0
39,11
360,30
735,41
1918,20
3383,-3
407,-1
11653,8
2602,4
522,0
772,0
4881,27
246,-2
1279,-1
789,1
1772,-2
631,11
691,5
113,10
222,0
1441,10
596,1
971,5
674,3
1337,5
563,0
81,16
1638,0
277,14
2751,31
1563,-1
570,45
353,2
1289,11
750,9
2244,8
1513,0
2443,9
4082,-3
198,37
910,0
1174,13
3476,16
39,3
2563,15
1253,9
3109,20
2326,5
501,60
1475,0
1082,12
4668,12
2075,21
1607,125
2662,13
6922,71
859,-2
81,44
1080,0
2123,6
1950,19
300,5
1049,-1
3350,16
618,4
513,12
1387,-1
1358,3
760,194
722,8
378,-2
2722,0
319,4
2069,-2
1335,4
1396,1
2485,7
1491,16
1439,-2
166,5
490,2
436,2
2901,8
73,2
2696,6
10,14
2069,3
57,71
472,54
1425,-2
3197,5
75,5
1010,2
1483,35
850,5
1428,228
828,8
211,-4
1203,7
1351,23
1834,19
1467,2
2182,1
3037,32
256,23
3708,-3
2982,47
1367,54
410,161
519,-4
1549,5
2769,-2
962,20
221,55
1065,4
767,19
4546,6
2320,11
88,17
3110,6
1501,21
2524,6
1961,4
737,2
16,10
992,14
1855,10
2298,29
2042,8
1789,36
1882,1
3595,8
1349,122
6828,32
417,-3
3466,-1
784,-1
267,-3
251,13
1863,-1
864,2
2586,39
703,35
1305,78
588,21
1166,18
721,2
164,10
95,10
244,-3
506,26
156,-2
296,23
571,17
1087,-2
2711,-3
1157,-4
378,13
9,0
1997,10
1261,5
1063,-3
99,58
3649,4
1321,-3
544,80
447,1
605,18
4842,6
2633,46
1425,16
100,31
4419,0
415,7
399,51
2652,12
2906,12
971,-1
5815,16
596,39
1465,5
2370,25
4491,5
1068,10
550,10
5948,39
836,0
691,-1
2602,0
103,2
207,19
3065,54
1166,7
613,9
905,15
520,-2
8768,40
4724,0
2940,26
4212,48
623,-2
577,30
1390,-2
1971,-3
479,17
1364,30
3417,28
713,0
4533,5
206,18
3173,4
2316,4
545,5
1311,44
1514,5
1361,10
32,1
26,39
1145,12
722,13
644,34
1363,4
2858,25
2737,2
517,-1
3464,9
2115,25
7636,21
4399,-4
2523,-1
6296,-2
565,1
1057,1
2971,14
675,12
2633,17
766,19
52,1
825,1
308,20
797,12
969,7
439,1
1089,4
3700,-3
2031,1
1187,4
2740,-1
818,30
784,11
2426,7
4281,122
309,-2
4039,11
3337,0
1698,1
198,24
1958,4
1616,17
1560,21
80,-2
2350,18
3692,1
2418,28
504,-2
480,4
1399,23
1723,32
1419,13
1535,16
304,-3
249,29
448,12
1252,12
1027,10
2367,1
430,10
3979,1
371,14
1119,13
164,6
1843,-1
661,39
1132,6
1044,60
2524,-3
420,20
1498,2
257,8
755,2
1080,6
1147,-3
1191,56
613,47
453,50
3455,2
363,3
1263,7
1105,0
627,-4
2361,30
1021,2
345,11
6067,-2
284,-1
943,15
1375,8
70,16
363,13
1311,21
123,5
559,34
185,0
235,9
1282,1
3875,65
238,13
265,-1
769,5
5681,4
1263,10
3997,-4
2711,17
183,2
1259,8
213,22
410,9
1067,11
54,52
2095,-1
2007,-5
425,0
223,4
213,1
266,10
7171,9
1617,16
2064,26
698,52
1388,-1
2578,5
3147,13
2067,84
1054,-2
1358,17
2137,5
1062,9
1475,-2
3143,15
459,99
5043,12
589,11
472,42
2633,40
245,3
1980,6
1945,0
485,6
181,27
467,-3
498,24
2125,7
2776,14
2755,19
217,33
829,3
2989,9
1262,12
1832,-4
588,8
838,30
222,7
1605,11
871,2
116,11
651,17
697,13
1069,15
6679,2
607,0
1096,44
133,25
5056,10
524,1
1833,-2
845,3
1192,14
2235,10
1828,3
898,15
1766,0
1383,0
69,12
1552,-1
4405,5
736,8
444,48
400,32
1318,3
8827,-1
1763,-1
1850,13
824,6
305,5
888,3
2167,-3
1677,4
1084,18
71,8
2118,31
3780,-3
250,45
3529,11
563,0
1742,39
1594,20
4170,10
6987,-1
911,24
2890,8
1046,3
1246,21
1213,15
2453,3
724,35
1252,32
3161,10
490,2
1625,-2
1073,3
660,13
126,3
478,0
554,19
1664,172
2024,27
483,-1
223,123
291,6
1749,-1
7,44
1839,57
990,21
739,11
138,1
2691,15
1151,0
2010,1
4617,5
114,0
543,19
1287,23
749,6
541,-2
7969,17
534,3
1952,13
945,67
139,8
6639,2
910,4
1883,39
3088,3
1071,12
5473,1
1187,14
1235,2
2106,21
457,14
1529,24
1329,12
2327,-1
1253,7
906,24
1053,35
959,-3
174,2
580,43
7777,1
691,4
1273,3
1105,4
152,7
930,5
763,10
2325,22
1658,1
1645,-4
303,1
981,80
192,2
1017,0
1812,6
2377,-2
1627,1
1465,18
629,15
275,9
1173,15
177,-4
823,11
33,57
69,29
765,12
1450,39
394,7
330,22
2690,1
1905,41
4186,14
3392,21
904,30
3124,-2
4647,23
493,8
263,6
1615,21
767,0
836,2
762,18
553,32
503,4
1631,33
432,2
982,21
1971,17
1506,64
811,28
1996,-1
827,1
2220,-2
12,7
2883,11
2427,-2
1451,3
3668,16
2074,1
3453,16
5525,55
1142,34
765,11
1119,44
1360,7
1940,1
1752,4
1070,54
2376,4
1206,-2
933,4
647,9
291,4
1434,9
118,77
2239,-4
996,20
5645,1
390,-4
20,54
3178,18
2883,27
4506,5
820,10
145,20
649,-1
2523,6
524,3
575,11
2550,1
495,9
1225,3
1585,9
57,5
2599,3
801,19
286,2
3537,7
2512,14
2366,27
423,14
49,37
7372,4
2358,12
5033,-1
210,14
1395,8
482,9
420,3
2818,25
5553,11
3137,5
594,6
2693,0
1382,11
3277,5
161,3
909,22
1005,4
2849,17
1671,7
499,2
1052,27
4908,4
1480,0
1966,-1
362,31
2954,57
445,11
3674,7
170,16
47,10
3136,14
1701,5
405,8
4431,2
2865,2
1035,-1
2044,58
4942,19
1012,30
4807,9
1067,11
1205,4
195,24
3453,-2
2738,1
2146,10
4374,26
130,3
1912,18
1634,25
3730,4
2240,20
754,7
960,28
1032,1
917,19
120,22
1493,6
1034,10
1616,26
36,1
2966,10
4620,2
954,-4
8,24
2069,-4
1661,14
73,-1
3267,52
812,1
998,11
1081,-2
408,31
1846,-1
2005,107
1334,28
55,1
440,129
1502,20
1908,56
406,1
5460,-3
245,-3
680,5
1578,25
581,-1
4273,16
268,20
1242,8
779,12
1802,6
2991,-1
1199,1
451,0
1330,-2
1630,12
4902,11
734,28
5801,0
2234,0
2875,16
1358,4
2363,0
1767,-2
412,11
294,16
193,3
903,-1
24,-1
1907,76
2726,15
3563,51
132,9
285,15
1779,6
542,0
947,-2
3144,4
958,33
880,-4
674,20
566,6
18,-1
259,12
785,9
1890,-4
977,19
1162,2
438,39
1634,2
1396,31
1197,0
2506,-2
431,3
946,3
2399,-3
2678,5
2935,37
4414,4
5734,4
450,3
4188,18
358,10
1454,11
5567,17
1301,22
1521,9
5342,1
184,16
339,5
209,2
1019,7
338,21
2605,1
892,7
1822,5
1484,35
3203,7
595,6
971,8
1049,-2
1745,-1
2284,18
6284,5
768,1
3033,30
942,13
2219,16
238,-1
1327,7
351,1
924,6
2703,8
3438,1
436,3
501,9
167,3
1848,1
6596,29
4552,2
462,7
930,-1
1642,12
1598,0
729,29
902,27
816,39
868,16
2242,0
1556,7
501,5
2074,-3
1763,4
257,24
996,6
2664,7
494,14
3681,16
5236,-3
3127,31
954,12
1492,21
3560,2
1003,11
2636,85
2298,14
1848,69
2952,0
377,-4
895,20
221,3
3264,1
517,13
380,27
1436,0
593,6
172,2
729,17
1210,7
729,29
272,12
1233,6
380,5
193,-1
788,-2
755,17
208,1
2248,1
1029,10
2891,0
1074,4
3341,7
36,3
1545,13
406,13
252,5
3003,28
4711,41
819,-2
33,3
7146,-1
463,3
158,18
16,11
3072,70
732,1
789,-3
6042,7
4016,12
2980,-3
189,42
409,27
157,3
1780,7
690,7
122,-1
2604,11
1389,1
709,8
680,6
3114,42
1006,32
665,18
2993,17
1008,10
3271,19
997,19
614,6
581,6
486,4
1719,1
202,8
1817,2
1584,55
2333,-3
207,-3
639,5
1363,0
373,6
660,7
4049,-1
471,8
456,53
190,58
273,45
747,3
1604,30
2021,15
1103,1
2282,11
2542,5
257,7
2,2
3924,38
1393,3
424,0
2432,53
409,-4
1732,41
3007,6
191,-2
1524,-4
634,6
2816,11
187,1
392,23
1434,5
614,16
171,54
2810,2
1452,2
967,58
513,0
271,9
2713,0
703,-3
1097,54
591,66
37,42
2099,9
93,8
4276,32
267,4
188,17
2192,1
1376,1
10075,3
439,1
4946,49
3055,59
590,-1
2077,7
2446,24
2892,-2
415,6
262,27
649,0
728,32
813,15
990,20
547,4
1084,-4
1061,104
255,2
5889,18
2743,7
1054,20
356,15
54,6
638,47
796,4
4962,15
4629,11
2078,-1
5321,35
404,7
1695,130
2447,27
296,45
2165,-3
109,12
262,0
81,10
4251,132
4006,9
726,22
2168,-4
797,7
2296,14
275,3
2991,63
2173,3
2380,1
284,16
2002,34
2860,-3
2593,2
6564,11
6836,4
1590,45
565,9
252,4
819,4
506,33
1595,10
1610,12
131,20
486,8
2009,3
604,2
251,7
303,24
1112,80
23,37
1733,7
356,7
559,52
489,5
5313,5
2675,14
1864,11
2045,-1
948,10
1383,-2
831,0
127,-1
1204,9
2108,1
1655,-1
548,65
1583,6
3689,-1
520,6
1452,39
3310,3
5869,42
1387,2
2612,24
18,5
199,26
175,2
2637,-2
307,53
333,97
1175,26
288,3
705,4
1119,13
1734,5
283,0
3836,4
5406,0
2208,5
4662,6
1106,3
3339,16
4230,42
4796,19
196,21
2500,12
35,8
1490,1
1160,6
1916,0
1988,31
306,0
736,18
4612,-2
111,0
220,62
1610,1
340,6
821,3
6430,45
126,3
1402,55
860,21
670,18
308,14
1904,16
970,8
674,7
1209,32
889,3
1072,40
1086,6
462,15
333,3
1041,-2
3205,3
2623,4
432,1
973,10
2099,11
1130,30
466,-3
5112,1
455,33
1607,22
1176,27
3014,1
4366,30
3137,11
1301,-3
1187,-2
6494,7
571,34
2744,1
1951,18
2878,2
757,-2
1052,15
84,10
4732,5
2483,42
226,8
248,2
591,16
1227,3
1179,10
2551,9
1064,3
2087,-1
3844,3
2826,5
4801,6
4882,6
868,-1
604,7
455,7
8587,3
1297,4
524,35
317,10
574,4
3029,75
706,2
2891,7
331,6
242,16
933,5
3683,16
76,0
647,0
31,2
1284,-1
1798,2
2652,21
1372,34
464,8
3214,28
2569,32
2816,25
2167,7
5243,-4
2496,6
1712,25
2330,7
5094,11
605,-2
482,8
2030,5
757,62
60,20
33,15
3994,5
1260,6
783,7
5502,8
818,2
2683,13
1210,15
587,6
87,0
1608,4
3295,9
577,-3
1904,15
1077,2
748,20
1465,0
1279,35
1937,-1
2269,-2
1653,-1
710,1
179,3
261,35
7256,23
1055,3
1277,0
791,-1
2918,57
1396,11
633,0
197,10
1538,-1
4559,-1
500,23
490,12
1398,17
1814,10
2413,39
3144,2
690,6
4231,-3
842,7
4630,15
1677,-2
296,29
600,21
1683,6
630,4
1557,9
154,5
3820,-1
367,6
2139,35
2519,137
994,5
4195,14
364,1
4147,-1
1008,0
301,7
1917,15
1333,10
214,56
1064,1
832,24
365,9
3540,1
3314,0
4570,-4
704,8
589,23
95,3
1857,1
576,5
107,4
758,29
589,51
827,-2
2429,31
2625,11
6672,19
2669,12
1088,3
6815,-4
999,5
3627,1
738,-1
481,7
1694,33
1802,10
680,26
1344,20
602,0
94,2
865,-3
864,21
87,36
26,-2
1243,0
487,6
4676,27
1074,9
5471,3
1078,6
1022,2
706,7
1183,4
5997,5
2318,1
2138,20
378,52
423,7
906,2
3373,-4
503,9
2172,6
4098,29
461,169
106,5
187,23
1732,-2
156,32
1895,19
3402,25
1185,24
2090,0
1755,-3
505,6
7720,23
1400,16
286,-3
567,-3
674,8
692,23
3987,9
271,42
1844,-2
50,2
2950,17
1393,3
2125,52
1210,16
2097,19
2062,65
108,10
2294,12
338,-2
2136,4
951,3
950,27
1508,35
4226,31
3653,0
1515,17
2035,20
2546,5
4003,46
2055,43
1678,0
3097,24
866,6
933,14
697,11
4433,13
1895,50
251,15
1724,-1
1363,3
356,15
966,-1
3790,6
656,39
1453,8
1103,3
383,6
4159,10
227,27
25,12
424,4
118,10
484,37
675,0
3685,8
1890,4
5045,17
222,11
977,10
884,78
2658,6
2353,0
916,3
2554,8
887,-3
25,16
71,2
595,0
516,2
316,3
2352,28
185,17
3335,7
7197,-1
321,10
1049,15
5840,17
1401,6
326,35
519,16
1646,5
1533,0
1751,21
23,6
969,28
393,29
923,0
5257,8
165,31
1598,33
7,4
1571,3
3880,0
3022,28
706,3
779,18
2694,4
766,4
1205,-2
77,14
2063,0
1726,18
605,0
455,0
1048,0
2124,2
3958,6
142,-1
904,21
1603,0
479,-1
1086,14
452,72
1657,-3
452,-1
564,8
2143,26
816,73
340,-1
789,0
429,12
1388,-2
798,7
1160,0
634,13
149,10
383,0
1510,3
373,4
163,49
76,12
5652,4
3063,-2
1459,25
2453,2
138,56
2803,14
3396,10
715,-1
354,31
314,-1
370,47
2049,-1
1844,27
4026,5
1748,0
1400,2
669,100
683,38
3712,7
681,4
774,18
293,108
78,11
536,6
1082,6
124,0
1101,6
71,26
239,10
3002,3
1650,1
4085,16
2463,8
1136,12
3898,4
6997,0
592,1
482,42
1101,0
2513,22
1645,16
1290,7
2641,53
984,4
2152,-1
1620,6
2569,55
743,5
1530,12
2429,21
1490,4
1360,-1
4996,5
2273,34
120,-1
2943,30
276,24
78,0
872,-4
828,5
134,13
5393,23
2420,9
100,5
500,22
1014,1
1345,0
102,2
1540,56
340,-3
654,15
396,5
179,1
1605,1
654,29
3936,1
561,37
1420,-3
2633,10
100,39
5893,23
2176,17
2238,-1
1655,4
568,1
1874,17
2455,-2
7303,5
4425,6
256,6
1929,54
1268,3
1599,-3
764,3
509,4
248,22
891,20
25,54
1347,33
2728,4
735,27
520,-1
947,4
3154,16
3820,-1
1114,5
1655,21
1310,10
2368,-1
1278,14
7343,-2
3141,0
2169,216
3245,83
174,-2
1522,6
3545,19
4389,5
1200,16
224,5
1692,-4
6505,31
895,23
2676,13
50,9
1754,18
1742,1
2653,23
160,-2
186,13
27,10
7678,-1
2244,22
2248,26
245,11
905,3
1674,7
2524,16
736,19
1492,0
7182,-2
45,21
27,6
288,0
385,16
146,9
3138,4
979,8
1632,4
104,3
2920,17
371,40
175,5
655,45
704,0
2392,12
1190,2
359,5
1599,10
2186,3
725,11
2435,16
978,20
1189,29
1206,14
535,4
561,6
1342,19
1436,-3
2367,2
2531,-3
2531,0
1652,48
2685,-1
1671,-3
132,19
3715,8
1671,11
146,227
202,27
35,9
84,0
4147,30
1319,-3
1463,2
1000,2
631,-3
1829,27
4011,8
480,-1
86,7
475,6
3520,19
1346,32
526,31
2548,-1
1785,31
6829,14
1457,3
3875,5
518,14
8852,7
436,23
74,4
428,16
5398,4
2624,20
1631,1
429,11
3969,39
1277,18
24,24
1683,19
2844,21
1231,1
938,2
1914,4
3650,27
150,3
912,41
1277,63
521,14
1549,21
938,4
629,7
1609,8
2329,5
816,-1
2749,6
2365,19
1413,126
684,2
999,2
2212,14
859,5
10002,16
2500,-1
338,19
1968,3
1972,-1
1906,-3
3003,1
9251,-2
2726,4
1419,4
1344,6
1467,42
4077,11
1202,4
4059,95
3120,37
7537,18
216,9
724,5
3947,-3
180,-1
848,1
21,26
3997,19
628,54
416,-1
74,28
1216,3
985,-2
744,11
160,21
3444,2
237,5
2171,33
292,2
733,2
4938,0
1536,25
93,16
483,8
219,3
1867,24
696,5
3177,12
346,12
6583,3
3683,0
876,13
1342,15
1911,-3
5816,13
4925,-1
4026,-1
804,31
1271,0
1224,10
2765,3
217,16
792,11
3279,35
1077,44
95,-4
1314,-2
340,5
1338,5
562,7
1192,4
726,23
617,3
6445,19
5915,5
2045,-3
549,21
879,2
846,26
1722,17
197,8
1772,1
896,1
3809,6
171,8
1804,1
1503,9
7,33
1012,0
1754,2
4692,2
220,-1
1713,87
47,33
2460,1
217,-1
2592,4
546,-2
1666,13
112,1
2909,15
2882,2
88,14
631,8
5258,-2
3295,-2
118,17
423,1
528,21
1022,-3
2054,35
2537,-2
29,1
1355,5
344,-3
1912,2
2755,6
1853,9
1089,64
217,14
89,49
1151,-2
2379,24
642,7
1615,-1
1422,0
1409,16
344,2
937,4
233,-4
1999,86
65,5
772,2
689,8
2169,5
3378,4
1619,-1
1086,-3
3524,11
4250,7
613,7
3670,-4
1883,4
4235,2
1054,16
1837,0
207,-1
1678,10
77,74
1696,61
47,3
737,31
1331,17
1464,33
674,28
2318,7
864,-3
1490,40
3589,5
7333,5
2955,27
4962,-1
2155,65
2210,2
433,12
1163,63
1087,11
2919,19
482,2
1700,26
470,18
996,12
2810,12
1863,10
1187,1
147,6
141,20
3254,57
299,1
475,8
2645,19
1864,18
379,7
42,9
2145,21
7,172
946,8
727,-1
1440,26
97,10
7197,-1
2282,7
668,-2
89,54
1342,-1
6055,13
1865,8
1632,10
86,1
1722,18
597,1
41,10
1237,5
547,17
6732,4
3171,0
84,8
870,5
2381,-1
1715,18
569,40
2226,10
612,2
379,-1
495,8
1783,-1
1631,11
26,2
1139,12
558,6
5642,0
3835,-1
713,11
3357,2
1871,14
1116,4
123,21
1955,2
1208,0
850,11
712,32
2363,13
249,1
933,28
406,2
442,61
662,7
3300,-1
293,16
797,2
199,-1
5100,-1
247,0
743,-1
1334,15
1695,25
1593,-4
2867,5
159,15
987,-4
1471,11
554,16
2702,9
5426,-2
1849,9
785,74
2,18
939,2
730,3
63,2
71,16
1175,11
3123,35
310,6
26,11
1275,4
4445,4
3204,24
2131,-2
705,7
939,49
865,5
5015,1
3803,1
3744,0
470,56
146,-1
1228,-1
827,-1
746,5
298,-4
323,12
2156,-1
4024,17
245,12
6221,0
322,9
254,-2
5716,173
1524,55
1511,8
382,12
181,78
638,1
628,18
689,6
537,23
4223,2
3,119
2263,0
146,12
338,1
1332,-2
3846,10
1410,-4
160,17
1012,29
1746,24
2064,8
3730,14
3167,20
2040,-2
1903,29
1160,0
719,8
260,2
2436,-4
1517,8
1536,35
1154,-1
2174,1
2399,8
1022,50
1057,53
1411,47
1494,19
1467,31
125,38
662,9
2700,1
4777,28
273,24
2310,26
2634,1
1809,24
288,11
503,24
467,-2
538,-1
106,11
3200,2
969,9
159,27
912,2
5843,75
1427,1
32,69
542,7
2409,6
387,25
364,12
560,15
1159,2
76,1
3765,11
6882,-1
3996,19
505,1
1572,2
1525,67
265,13
1322,0
397,40
781,36
766,1
978,10
502,13
1887,32
4366,11
1334,0
5238,10
2247,10
393,-2
3851,35
453,33
1270,10
269,0
2351,12
2105,13
1673,5
278,9
624,0
671,7
1333,25
3064,4
359,61
212,14
748,2
1520,11
1981,0
167,-2
1822,15
951,21
167,9
4057,33
2600,7
101,2
13,4
266,21
2659,29
406,-2
751,41
3084,45
393,-3
234,59
5675,5
57,7
139,2
2345,1
358,20
31,1
1027,4
1410,12
5447,22
598,3
1394,7
50,15
2039,0
1313,42
5068,1
440,6
1486,0
1342,42
165,1
1258,1
106,12
1245,8
1743,-3
237,23
633,10
35,3
4944,2
162,9
361,1
1660,33
1116,10
677,12
1486,55
2299,2
429,22
1868,3
760,38
1042,5
2487,3
3477,10
1096,16
949,23
613,62
1632,2
1913,64
1704,29
541,36
912,22
639,46
663,2
2259,1
278,2
1367,-3
2327,14
1461,43
1346,-2
651,16
45,20
1008,11
1730,27
324,1
1052,11
1334,5
1728,3
1051,6
2620,44
2051,39
1905,3
859,39
611,-2
101,12
1589,23
226,25
1142,-2
916,5
1116,10
4895,35
464,4
966,-2
886,5
2356,20
1744,10
0,61
99,-1
1059,10
1975,16
1483,1
2516,14
133,-2
182,-2
1467,4
135,16
431,25
1090,-4
3609,19
773,10
5428,-4
1839,-3
2573,9
1853,39
1987,3
922,10
1679,-1
2310,2
887,-3
386,1
2365,24
1384,-1
1689,10
731,2
3274,1
174,3
2656,-1
2376,4
437,2
256,9
136,4
5515,2
1096,33
2443,8
108,11
2640,21
1234,12
984,18
2031,-2
39,0
911,3
234,0
1889,-1
764,62
1296,1
1071,9
6844,3
667,-3
15,-4
1142,24
2656,4
2520,-2
5098,17
293,11
888,26
1698,14
97,53
657,3
1328,49
154,20
1739,5
433,-1
140,-1
546,36
157,3
24,4
2685,2
2913,12
49,26
2773,4
4237,39
1982,4
1139,15
4789,11
45,17
934,31
1296,24
3505,6
151,22
3333,4
38,-2
268,255
154,-3
4725,5
2694,11
854,1
1729,3
2837,3
1955,8
833,8
636,5
1161,17
2098,11
2110,4
718,41
2966,4
1201,13
1116,-3
5303,18
134,6
2555,3
1360,64
191,18
324,11
486,32
1094,2
3484,26
363,4
6045,-3
707,4
798,1
6339,13
907,43
6217,24
728,46
94,3
2448,-3
7814,32
1794,3
2831,1
3942,12
1668,38
717,2
378,2
212,19
976,-2
2610,-2
990,7
816,3
760,6
921,0
1662,12
122,3
471,5
1473,0
505,2
731,0
1031,0
3672,0
2522,0
1152,30
862,-2
4150,-2
1856,43
962,13
206,14
241,11
255,88
806,1
1352,-1
6748,0
767,29
232,0
81,3
390,4
849,40
878,6
1693,2
175,38
657,4
3717,7
2695,10
1834,41
74,2
448,69
2350,42
1645,27
1309,36
529,10
214,55
2404,6
279,18
406,8
333,36
1162,32
877,15
1600,32
1934,2
849,2
564,3
217,9
2044,9
999,29
1913,6
2044,45
1922,23
4460,13
318,18
659,0
1715,-1
336,35
183,-4
2441,13
612,11
344,40
972,9
306,68
767,2
167,8
852,15
604,-2
312,3
2092,6
450,89
210,-3
2736,163
4980,73
413,15
1666,0
1402,4
107,26
4385,28
3448,3
778,12
1045,14
878,17
4904,-3
872,10
890,3
1835,38
1246,14
4223,13
2499,3
469,12
252,-3
1597,-3
1015,22
113,11
1978,25
2302,0
2104,3
2048,40
1363,14
741,23
68,1
138,8
945,32
445,26
67,1
1162,1
24,19
773,8
2047,48
123,21
948,29
219,-3
807,10
2736,7
1956,-2
335,8
419,2
2160,1
832,23
1241,1
304,11
2031,-3
981,14
4304,95
1419,12
2185,1
3645,15
1183,5
404,8
395,1
841,5
335,30
1060,34
268,4
363,-1
1649,8
614,2
573,6
1400,8
1176,4
3913,10
835,2
281,22
457,20
1143,21
1414,21
1200,2
226,-3
10,21
261,6
4124,-4
5,30
1286,17
249,13
4606,15
60,25
6489,37
237,5
608,2
403,16
1741,7
1265,4
495,9
1017,30
613,17
1164,3
809,8
328,45
2267,15
3080,5
476,34
102,11
2958,130
50,0
310,-1
6233,-1
14,-1
1540,11
2676,11
3160,19
232,29
2874,11
1599,9
4048,7
461,41
5152,5
941,-1
54,21
2452,18
1835,2
195,-3
3051,-2
276,15
2768,15
691,11
1527,-2
22,0
767,3
5553,12
1196,8
187,7
889,2
22,4
703,11
1163,6
1973,146
661,59
3558,14
882,127
2667,13
1521,-1
1662,15
2653,6
1705,48
559,-2
1398,12
29,4
5,3
585,2
170,8
1896,-3
163,21
2743,6
1947,0
181,5
5873,9
2979,1
1335,14
697,9
4222,77
505,48
1919,30
923,8
762,1
4465,35
307,3
401,16
3875,0
799,-2
603,21
2673,74
1518,13
1335,-2
1829,33
102,7
3162,1
1612,4
243,12
1444,39
84,7
2560,5
2353,2
3055,15
859,3
1,2
594,3
317,72
421,23
2462,76
2452,2
1638,118
1371,94
855,-1
2443,6
1506,1
13,-1
1108,12
988,20
3038,37
3712,0
2543,-3
127,2
4155,30
3448,87
57,33
597,0
237,7
1106,12
2191,0
372,-2
243,35
76,9
2689,0
2280,14
121,-3
304,8
36,4
514,15
46,6
1977,-3
2793,9
331,0
1600,16
2093,4
7527,18
2655,30
4065,16
608,-3
1078,27
1241,14
4653,19
2695,1
115,27
4505,17
1900,1
340,5
377,8
898,6
4878,13
2766,16
76,-2
2319,52
483,2
175,4
3018,21
5757,2
737,9
226,-2
2372,2
2628,-1
2507,54
2799,10
1560,93
1412,2
578,-2
3223,51
1758,23
1982,9
775,5
1532,16
2552,0
165,60
1711,55
1138,0
1620,57
1963,16
1703,13
903,6
2678,-3
1540,-2
976,9
285,7
6086,3
326,6
34,3
2421,-4
8,2
298,8
10640,9
3339,70
2355,36
340,32
280,6
217,1
1140,31
668,2
1899,0
215,4
3084,1
1111,32
108,14
778,-1
3340,129
664,46
1031,23
253,5
993,15
3304,-1
314,34
895,3
2630,46
2087,18
2667,11
3687,52
8342,2
1900,-1
2243,16
4328,4
2200,14
5970,7
1760,2
2323,-1
2268,9
621,-3
1980,1
551,16
3786,6
560,23
835,10
267,-4
1389,-2
639,0
2307,6
1920,27
367,0
143,0
83,6
898,13
5166,8
106,9
1897,3
2889,13
403,28
1689,0
4129,5
1611,0
435,1
266,11
1211,6
156,43
1850,7
1602,69
4917,4
360,24
2169,5
364,9
3709,-2
3039,63
4172,34
223,20
73,9
2433,20
1920,27
448,41
565,5
422,2
3482,31
233,16
719,5
1081,10
1795,-2
290,23
7283,33
1467,9
908,0
1831,49
3300,5
62,1
2642,16
887,14
2,55
426,-2
1713,20
1878,8
15,12
1262,7
518,-1
2203,75
2459,48
1586,10
44,7
3485,4
2129,-3
3604,14
4098,5
1702,14
896,10
3436,4
3079,-2
246,11
1437,5
1391,21
2050,10
7202,-1
305,10
1204,4
2504,3
272,9
3719,-2
294,9
168,3
1564,15
508,-3
2092,13
6930,8
1437,9
1153,1
1316,-2
313,4
1115,1
1385,0
1937,1
537,13
114,20
2682,1
5026,1
250,-1
108,-3
2717,80
21,8
1024,61
853,7
4849,-1
3973,2
2191,0
1854,15
1829,14
2634,9
1084,7
505,0
4410,35
2597,14
932,7
936,41
458,7
362,18
1429,43
150,8
1657,6
426,18
2854,32
71,5
1609,12
2761,-1
617,9
455,3
2321,-1
2505,14
1438,3
5086,1
1993,2
417,0
1578,-4
626,23
1708,37
459,6
1115,-1
356,-3
641,17
2143,0
774,14
1242,11
3535,18
4529,1
4085,-2
186,2
3149,36
875,2
1123,-3
3877,68
1192,27
3056,48
5980,114
2863,29
61,0
1158,14
6406,9
288,16
151,1
6095,28
2137,51
672,49
1343,26
437,26
2793,2
315,0
1112,9
107,23
606,32
535,12
3353,31
1744,87
2889,2
1300,-3
498,6
4702,6
1040,3
383,3
1645,56
2147,71
2648,6
1067,-2
2359,4
557,34
32,93
745,-3
2512,26
650,6
454,0
254,67
302,6
1775,-2
2671,29
5,6
446,19
3667,41
222,-4
715,2
2757,29
1517,85
2177,6
7525,0
216,2
2972,1
832,0
183,51
91,15
3258,12
648,121
129,21
1799,2
2678,2
328,10
8,2
1044,17
629,24
4589,20
228,3
2423,8
1711,44
2099,11
558,41
2857,4
1107,0
1199,6
673,3
1359,45
98,7
123,32
3422,37
1314,4
827,-3
1370,-1
1076,17
549,5
239,46
3233,1
812,2
1833,6
3776,7
979,-2
180,32
119,16
524,-1
2072,3
861,22
432,5
3908,4
128,0
1353,-2
1988,3
1926,-1
3617,22
2613,1
979,13
2495,2
2925,13
186,8
1410,17
113,-3
490,1
1452,12
66,28
760,-2
3479,18
428,0
1690,-2
169,3
1926,4
267,9
2001,-3
2611,8
874,6
633,32
1866,3
344,241
3107,1
289,3
3313,1
818,47
5921,8
771,23
1320,20
2114,7
2659,11
1904,5
497,18
4974,13
2546,5
3357,17
289,1
230,27
1667,5
3192,21
763,-1
671,13
470,60
1220,9
1159,15
878,8
176,3
651,7
480,9
2825,56
1081,3
309,15
1533,45
397,14
485,15
283,-3
2290,44
3398,1
258,-2
620,5
1823,7
392,7
618,7
3017,12
1241,1
238,0
1216,7
3663,9
591,3
5199,-2
3457,4
1129,3
2280,1
1416,-3
61,-1
2792,2
1494,23
9,3
823,3
702,5
4991,15
284,29
1678,4
3835,27
3743,86
1497,18
750,3
166,0
1191,-2
2299,23
493,11
9,-1
7229,3
139,8
157,7
618,0
4869,7
844,23
678,85
331,22
671,23
3906,10
70,-1
3837,5
2942,22
598,38
74,11
5971,15
98,-1
514,1
2336,1
1150,38
414,-1
56,50
144,7
1412,7
398,23
3190,-3
10,1
4613,76
613,54
2253,30
465,11
541,-1
187,11
36,5
362,25
533,25
1276,16
1500,14
4319,6
563,54
2260,4
1349,25
574,3
2600,9
921,9
34,1
2583,-2
85,4
835,2
1293,4
4810,-2
16,-1
510,2
3518,41
60,6
640,7
499,-3
1743,18
3442,30
1068,1
3040,33
2175,4
448,8
2179,-3
2102,4
1295,39
766,17
1117,0
887,3
2639,7
156,3
1272,14
455,4
999,22
1944,4
3350,17
2327,20
1737,58
4261,31
2284,6
1098,14
153,1
434,7
4335,16
273,6
2712,10
392,2
2264,23
1425,4
692,8
285,41
288,8
964,6
1786,-2
1288,14
4688,16
3904,0
649,10
1691,10
579,11
209,13
5093,48
419,-1
581,12
3245,3
760,0
111,10
1456,24
1788,-1
2791,3
1912,3
192,-2
386,2
809,3
1177,-2
165,0
1580,12
124,17
1031,3
4119,6
498,12
563,59
2277,11
62,10
5239,26
3392,0
1298,-1
1179,-1
125,-1
2894,10
253,-3
6201,3
2771,13
1151,18
1000,-2
11523,-2
3168,-1
357,15
358,29
54,39
415,-1
3066,-2
951,0
5374,32
442,9
1737,26
126,1
150,20
2217,11
1541,31
856,87
1700,7
1167,-2
841,7
384,61
811,-1
158,3
496,48
770,16
980,11
810,5
545,3
26,-1
660,5
669,11
379,8
156,0
3820,1
803,0
385,0
1626,39
509,1
1286,-1
1081,3
717,8
1157,12
1144,10
427,-2
1377,7
2125,-1
1174,2
4505,-3
1277,18
1924,5
2804,3
1714,0
2054,10
2802,116
2238,1
6239,11
3566,13
1195,58
1379,3
1979,-2
1320,29
1388,3
157,47
205,9
602,1
3243,0
310,11
886,138
961,0
1280,4
117,11
2377,1
1505,9
1459,2
386,0
2490,9
1593,17
808,94
386,34
2071,25
662,2
2454,-1
5345,14
2668,11
618,66
629,20
440,39
1046,0
109,-1
462,25
625,0
1072,25
806,-3
1435,1
1450,3
1937,47
1323,34
25,4
1750,9
814,11
287,12
2336,6
1285,3
630,3
535,78
1013,-1
4314,0
515,11
461,33
4096,18
1315,5
973,11
161,8
308,-3
2978,0
883,39
459,23
1214,7
540,-2
1044,30
1901,135
635,38
1148,3
902,29
428,-3
189,-3
1070,106
826,-1
126,0
1155,5
2043,1
429,3
517,8
2623,0
1081,9
1676,215
3564,11
724,16
2064,-2
2529,-3
576,20
808,9
170,20
4520,8
5817,6
4895,29
1649,18
174,9
1033,-3
112,5
1175,-2
191,-2
2871,22
458,1
1907,2
1172,4
2817,-2
1826,12
421,-1
131,4
1043,8
3382,15
1098,13
4537,114
4057,7
2748,1
4253,4
529,13
352,2
697,20
486,-3
1939,7
3307,5
3535,27
1251,2
1994,16
361,5
935,-3
1243,22
264,4
279,14
1629,4
136,6
27,11
934,2
3433,11
242,53
315,0
1524,-2
3216,33
536,22
607,16
807,-2
283,218
1942,20
1242,5
4176,30
3291,6
8192,47
720,9
893,11
308,2
890,14
686,0
2555,123
4632,9
5129,18
1744,37
4426,4
7,2
131,10
6326,23
1596,-1
642,17
1043,20
3758,-3
705,89
3136,14
1758,29
2719,30
3864,19
424,-1
2959,1
1210,9
512,19
1110,33
4705,27
2246,2
381,25
1430,9
3810,8
842,51
1493,13
1049,-1
768,20
244,18
686,7
494,3
133,5
627,0
2321,38
5948,2
2177,-1
728,0
3981,7
6332,8
355,1
2057,0
1521,-3
2294,17
1426,13
3219,6
140,3
1180,8
481,9
1235,11
78,36
746,1
3919,11
749,-3
1225,34
1100,13
2919,-2
1521,10
2980,1
1848,4
1617,8
1607,31
1546,18
933,37
196,22
668,42
176,60
1472,16
198,0
782,37
922,-4
1071,6
1287,6
86,8
53,14
133,-1
1461,1
538,4
824,30
4694,22
1019,15
676,95
374,6
1599,24
353,12
176,22
113,23
4504,5
447,-1
1122,19
395,81
366,42
209,3
663,23
983,4
1232,2
18,3
1318,23
1747,7
2102,2
899,4
3439,5
1073,7
897,6
289,2
1966,56
1715,9
322,-2
41,-1
1699,-2
729,10
2008,18
1811,54
10401,1
4496,18
269,-4
2672,4
5277,1
2568,5
937,-2
487,8
796,10
1243,27
2945,-3
80,-3
2973,58
1844,-2
204,49
40,16
353,36
626,64
4954,0
1991,-3
1180,5
1928,29
607,23
1774,21
2429,19
495,16
3100,7
1483,11
954,11
96,12
3015,40
34,4
358,2
1701,-1
65,23
2933,50
1053,20
784,2
801,6
381,-1
251,-4
1781,26
1582,31
6329,1
839,40
356,0
2865,37
483,8
497,8
834,8
668,2
2752,4
3317,8
1407,15
427,1
425,39
652,27
2386,29
1100,17
649,-1
1536,1
469,16
3061,11
308,8
733,6
1318,17
1085,-1
692,12
3505,0
938,-3
874,1
523,8
5,-4
594,14
1036,-2
451,89
3251,6
1375,11
1776,6
3806,12
543,218
1668,31
1899,13
1539,44
2137,20
2105,-1
1200,9
481,1
4535,24
3081,30
379,2
600,6
419,0
3626,5
731,-1
2516,2
5038,19
287,27
198,12
3919,40
17,5
531,24
2435,15
395,-1
47,13
1080,6
2441,0
615,21
5032,17
379,7
1010,12
1304,25
512,19
90,-3
1004,106
169,9
112,4
521,32
694,2
559,6
1329,-2
2486,3
1941,22
4715,6
661,4
1459,9
388,-1
2918,12
126,6
1107,2
898,21
2705,455
441,1
8811,2
2958,34
61,6
441,2
3462,62
1256,33
29,21
222,1
1653,4
762,9
3343,-4
4643,30
2074,10
2129,2
2722,98
17,8
1872,41
132,22
873,1
282,20
89,17
131,8
1272,21
727,10
3246,10
1131,7
546,7
1418,2
511,1
1402,4
394,-3
251,4
811,13
321,2
3444,-3
447,17
862,1
363,0
608,2
1219,82
2817,2
246,9
11079,17
2977,9
1939,5
282,8
202,8
154,9
155,21
430,41
751,3
250,5
2195,22
1010,16
850,1
287,13
354,-1
408,3
530,12
2036,23
60,5
3036,10
4630,22
522,1
2543,16
38,6
1134,7
655,15
1167,3
1079,5
271,-1
98,27
415,19
647,6
1699,10
376,20
399,9
592,4
1373,2
1517,-2
1147,-1
1201,-4
4243,9
746,8
1127,-3
695,14
761,1
19,13
1061,-1
1223,1
2582,48
2445,13
1531,1
951,-2
1407,6
1525,42
231,21
4055,5
3538,18
1534,10
4241,10
3940,21
449,36
2261,5
10,0
248,10
241,16
717,1
970,4
659,7
742,15
455,13
1090,0
7,7
1808,22
2053,15
2345,8
1154,-3
409,-2
1808,11
704,-2
31,9
4536,-2
713,12
871,35
322,16
964,-1
780,1
461,6
2311,63
931,2
514,13
547,2
619,44
341,75
1010,-1
1694,4
0,0
603,4
2571,23
1612,1
230,6
619,43
5976,-2
862,-3
232,23
23,-1
4842,7
199,57
1028,1
2258,11
1792,46
615,-1
659,12
6268,5
149,3
4015,27
2077,3
4661,55
989,48
270,15
1032,14
491,14
3613,10
2579,-2
4303,6
33,76
45,69
292,16
4041,2
67,23
804,6
420,4
350,0
155,13
1220,-4
1097,12
1191,36
1311,6
2516,52
814,8
141,34
526,37
595,6
479,19
517,28
3072,5
350,22
67,14
2157,7
53,4
1384,17
2298,45
507,1
316,18
432,30
1527,5
2630,21
1370,10
7738,10
4250,20
2448,14
1388,18
248,29
232,2
1201,10
392,24
57,43
71,15
498,5
2144,-1
947,4
2774,20
3520,37
114,0
420,89
585,25
927,25
2594,6
3223,28
11144,36
567,-1
1068,9
783,0
2825,1
2608,5
1741,3
2025,5
746,9
544,21
653,5
603,4
1675,26
2101,-1
700,32
1719,-1
14,18
5044,156
1474,3
3457,16
1902,18
4407,22
1663,0
1719,10
4848,11
2102,6
800,12
4465,-2
1407,17
248,1
3578,56
477,2
1229,6
1204,1
1450,13
1349,2
4163,2
5281,3
2843,14
1958,2
350,33
301,33
4166,2
1190,-2
11,12
221,-1
2382,-1
1178,65
955,2
69,21
71,7
1714,6
6584,10
2098,-2
1686,-3
1003,-4
1537,19
1249,2
3619,15
734,42
2990,13
40,21
87,8
7747,29
1101,63
602,3
249,-1
520,18
1832,31
4020,15
135,20
3312,13
2092,23
626,7
376,18
47,7
2620,4
958,7
674,2
2510,19
1705,11
413,12
423,16
1754,6
854,92
3182,7
1011,17
1718,2
1327,5
65,15
7093,8
2501,17
473,2
408,6
1861,5
1328,8
2761,120
1371,1
32,4
2915,1
640,13
51,10
2514,15
1030,2
2162,7
5926,14
2483,23
2145,56
1343,53
2553,21
2206,37
277,1
4071,1
628,-1
2828,-2
1104,2
1823,2
2005,15
170,0
700,0
532,28
2155,-4
3404,15
324,-4
28,-1
2042,4
629,12
1559,61
177,2
2548,1
306,29
1299,10
397,0
61,7
438,8
902,4
1589,1
2225,45
1307,8
2210,5
3716,5
72,34
249,33
921,33
5744,1
690,14
362,5
301,13
3661,7
969,17
2128,1
917,3
2392,24
1153,11
19,2
829,9
1111,2
3484,4
5571,-1
902,24
1536,27
530,1
883,14
593,5
2426,2
2542,-1
3571,1
7557,-4
523,3
2505,5
1767,12
768,8
10519,20
2816,62
2726,-2
507,9
1698,4
84,-2
520,15
2398,-4
9716,19
3688,5
12625,17
3469,2
438,6
933,72
2313,11
688,130
2287,1
141,30
3427,-2
1389,0
101,4
3912,14
89,5
2672,8
459,97
15,-1
2355,10
699,0
991,9
921,58
3136,-2
1838,15
4905,8
279,9
1322,7
2871,2
36,1
1650,7
6627,10
97,36
4315,37
594,9
1889,21
1096,1
3459,5
3777,6
48,28
2607,1
2223,7
1974,-1
356,-2
5544,-2
1217,25
1169,2
368,17
1339,0
259,15
258,22
2950,0
2659,42
119,27
2158,2
1019,24
1529,2
3493,11
2730,0
1216,1
411,1
1977,5
84,-2
1068,86
322,0
119,7
2352,32
3117,44
1611,1
1283,4
1163,-2
1016,48
2216,9
101,3
921,2
2221,-3
624,-2
249,19
1415,-4
1214,9
7416,6
8,-1
1497,4
1196,5
2149,4
282,-1
432,14
2005,9
911,-2
1728,58
254,13
273,8
947,28
2411,28
9,12
2089,36
1809,20
1399,8
811,18
273,3
2746,-4
2388,-2
6158,0
2278,3
4949,6
1623,3
484,7
99,2
5620,24
2861,36
116,7
552,13
2926,-4
979,7
301,21
2312,162
519,9
961,48
2318,0
1407,56
2873,15
619,11
5499,4
1282,42
1633,3
282,5
635,26
1004,4
349,10
361,8
810,-1
1012,6
2937,15
762,31
541,26
849,13
1199,0
743,1
667,32
292,8
155,-2
1016,16
2594,5
1929,27
294,103
480,31
4169,-2
3738,4
229,17
1749,12
308,20
3692,-2
476,28
220,2
836,10
2905,53
1199,-3
53,-2
304,1
751,-1
2082,10
1531,6
848,13
1359,14
103,4
585,28
2179,9
313,-2
12,25
3326,-2
699,89
1741,3
176,-3
1544,8
177,0
169,11
458,-2
456,-1
32,0
2378,4
1452,34
532,-2
2696,61
1754,1
2518,2
7637,40
133,5
3500,71
2076,77
1450,14
1299,-1
161,33
754,6
830,20
1687,14
1509,40
1731,9
405,16
3445,38
1882,-1
1842,7
559,-2
2332,34
121,-1
274,0
1147,24
3741,26
72,16
1802,10
855,3
178,21
876,14
168,5
2923,19
2117,7
815,15
497,37
341,5
474,4
1712,7
4940,0
1266,0
4418,-2
95,14
3233,-3
1172,6
2591,2
1085,13
2565,0
1270,-2
67,36
1375,5
1078,6
1419,-3
3096,-3
21,3
39,17
447,4
2776,76
5559,-3
522,33
532,0
2258,14
28,17
7501,1
31,41
2052,5
465,15
426,2
728,-3
4774,15
276,1
609,-3
1236,33
2467,4
370,76
2455,5
1444,12
391,-2
5890,4
616,2
534,14
1103,12
304,23
1886,28
2116,18
288,18
1326,1
218,54
1933,-4
82,5
1023,-4
2014,5
2477,2
2381,11
1304,1
188,1
918,5
857,-3
848,12
4752,16
1558,9
531,14
1276,0
1624,38
4098,26
344,9
746,-4
21,19
43,9
657,-2
340,2
4405,6
2924,2
248,8
1813,15
356,-1
8155,4
531,-2
612,30
900,6
1609,0
1098,4
85,10
2378,-4
666,1
2030,12
5860,7
2694,18
4398,60
832,-4
1667,92
3227,4
778,-5
108,9
1175,110
775,32
388,-3
2434,16
862,24
1386,6
2,72
1040,1
97,44
1352,17
2847,0
1104,0
885,20
4255,17
2553,26
138,14
246,2
686,-2
46,28
3028,-1
631,2
1225,5
177,17
467,16
1983,7
2615,14
401,14
795,1
2998,5
1469,6
3895,7
987,18
1503,24
1140,84
379,6
2406,8
3021,-3
1182,-1
7,8
1641,1
851,8
1743,25
2195,5
452,13
1801,2
2264,27
1670,14
1173,-1
2174,25
2480,1
330,8
868,6
755,112
19,14
450,3
1520,27
1165,9
2018,3
3432,-3
489,25
1796,-4
2214,15
1530,3
429,-2
245,6
894,2
218,30
3352,-1
864,-2
1319,11
1601,24
864,14
298,3
1510,14
2365,17
2142,1
1161,-2
733,5
701,27
9529,15
2901,-1
348,93
2544,14
2176,2
903,5
756,3
1859,11
1431,4
864,4
872,15
4277,11
705,14
2403,9
275,10
822,7
539,2
232,2
193,1
2767,-2
2414,0
827,13
1652,23
756,8
710,8
259,1
340,19
49,-1
450,18
202,33
167,2
677,5
1051,7
2289,59
121,1
9582,-3
707,62
1655,9
134,6
1441,6
2144,26
1615,0
1573,1
1169,4
678,2
1413,1
714,20
4421,8
3120,10
698,-3
2607,1
5418,42
1371,31
1509,10
7052,-1
864,47
5586,7
267,12
53,73
595,20
755,16
2379,4
1761,34
1213,-4
2390,59
264,-4
1125,26
1526,-2
4270,11
2355,15
315,-1
90,39
1735,-2
648,19
557,84
686,2
1002,18
353,13
510,13
87,-3
854,6
34,0
4080,7
52,3
4354,7
436,5
23,-2
2420,6
174,13
640,26
772,8
620,2
443,1
15,1
399,30
1556,16
2617,-3
1854,2
1850,15
231,1
1537,6
646,3
153,5
231,10
430,1
1368,5
1019,5
216,4
761,8
678,137
581,5
20,2
2392,15
3128,9
989,54
139,3
2320,1
602,3
2689,39
1572,-2
142,45
2560,43
980,6
1167,0
1625,9
471,0
4921,44
4235,28
1054,19
759,67
1582,-1
429,0
3593,1
975,9
134,2
2247,1
73,18
2245,6
849,14
340,8
2012,-3
2044,7
1090,17
732,21
2531,29
320,1
80,-1
1526,-4
176,14
623,2
1541,14
385,14
325,-1
3905,17
361,17
800,21
825,0
777,1
935,29
1580,1
2109,3
236,3
2216,26
130,2
1216,27
34,1
609,2
2039,7
953,93
1205,3
1700,4
308,5
339,50
173,4
4742,-3
106,-1
348,-1
1008,-1
225,3
2652,8
182,23
507,0
1193,3
216,31
474,31
2701,26
1039,64
797,68
955,11
355,23
598,12
1468,1
4868,7
339,1
1555,-1
1458,3
768,16
1776,3
2315,11
353,9
28,13
2332,12
5210,93
667,-1
2140,7
1421,3
2271,28
1542,5
449,25
379,0
281,4
795,24
3063,-1
115,8
12,17
329,22
1010,15
324,6
2496,18
546,8
768,1
3486,6
2766,5
245,16
4318,23
4428,89
3053,15
423,9
1762,37
332,-1
62,1
218,85
2779,7
6360,0
938,-2
99,27
320,-2
439,8
312,8
3592,-1
718,21
3607,1
70,15
1036,2
1101,6
225,31
176,0
109,20
2248,14
80,54
1407,7
1618,-2
1517,2
789,11
78,6
991,2
495,28
1017,8
2709,6
4024,0
4741,-4
1030,31
1697,10
1201,8
1649,-2
1200,28
214,5
1781,2
349,8
542,6
2365,3
1256,28
747,4
108,-1
647,-4
3119,1
735,4
4090,6
895,-2
745,9
592,-2
780,44
1089,5
756,3
119,16
4698,1
99,9
1521,-1
1477,-1
252,7
929,-1
1499,2
60,16
3669,0
1617,4
192,5
4887,7
2991,10
1364,6
633,3
1431,10
4516,2
179,33
537,37
1564,22
3115,19
416,-2
2180,32
1478,0
164,14
422,1
2746,5
233,35
1049,-4
2761,5
759,62
4183,-1
2648,12
1633,1
281,-3
316,-3
1296,2
355,1
593,8
292,3
3693,12
1893,18
2035,9
2188,6
166,36
1106,-2
424,9
2139,9
4898,16
1898,4
2648,28
238,16
1336,-3
4069,-3
1845,12
66,21
283,0
4894,13
97,24
668,2
356,41
770,4
3470,85
175,-2
1572,12
1717,18
590,3
1124,29
4211,4
2506,1
128,23
2469,-1
680,9
965,21
345,6
2043,33
1098,1
842,4
1527,65
5410,52
1065,20
2495,0
8233,-2
4553,7
4398,10
223,36
237,14
2689,15
153,2
594,1
1634,6
53,-3
7234,3
3417,-3
491,21
2399,5
1016,3
48,2
303,12
6500,-3
2370,1
586,15
440,15
1408,84
1895,141
2537,6
4584,-1
772,7
889,-2
6188,17
2067,13
671,7
724,4
455,0
1689,11
5210,138
887,3
3040,2
3857,0
390,5
236,5
769,4
137,5
441,0
868,21
2190,15
553,0
2681,56
578,16
2833,4
1151,3
1707,-2
20,29
1002,5
5050,17
278,16
448,15
4489,52
1414,7
121,30
217,13
2587,-2
556,17
1602,18
799,5
788,16
1228,11
993,2
59,25
909,2
1165,1
747,6
869,3
3292,-1
1563,-1
994,16
891,-1
3544,2
1124,9
486,17
1628,9
1418,8
1142,44
1803,6
630,6
313,28
179,1
2601,15
486,21
1316,-1
301,8
447,12
2206,-3
75,8
629,12
2608,-2
954,1
436,9
3610,134
6,-1
411,27
576,10
2649,7
502,18
494,3
2940,21
758,15
502,-4
558,11
544,-3
54,118
50,1
378,8
3525,10
2045,17
79,8
1468,10
344,3
1121,3
150,3
186,9
45,4
356,14
2821,15
557,12
1650,-3
723,15
1084,3
143,-1
92,4
2518,17
152,1
1469,24
519,20
8461,2
453,2
720,19
357,29
1447,85
2060,0
2135,24
215,1
1226,-1
953,13
719,8
2425,124
84,8
2387,5
827,11
763,26
1587,9
3817,2
1021,-2
407,4
1950,13
2712,12
1368,10
2610,43
1564,4
187,10
1183,-1
481,-3
274,12
1555,-2
327,8
967,-2
661,94
1457,0
3433,4
3725,39
4080,7
138,12
597,22
481,17
40,9
695,161
1676,3
7094,2
2661,23
1890,5
885,1
39,19
511,-3
4397,0
1471,0
1294,2
1059,6
2075,16
111,5
1695,47
12227,12
1141,13
914,2
978,10
412,0
2812,0
5871,17
30,2
416,1
38,-1
2,6
918,3
398,19
2321,18
1938,57
790,11
1995,31
1169,17
1434,0
889,7
815,41
1880,34
2320,7
472,193
721,38
2665,16
2172,79
6041,13
692,-4
3216,4
689,-1
216,3
713,5
431,3
1628,4
1574,23
604,6
1549,0
125,7
539,-2
1770,11
66,9
85,20
1269,24
2801,53
217,1
1587,-4
729,11
105,15
860,42
680,-2
101,2
181,-2
1315,11
1162,13
4374,-1
768,0
1242,0
719,11
1302,74
498,-1
3108,6
613,42
1195,4
3656,3
1916,9
1618,0
2162,25
860,8
49,3
9,5
186,81
1068,22
1209,19
1395,-1
254,19
421,27
61,55
1468,21
1126,16
1513,8
2826,4
411,11
1595,16
1464,16
148,6
995,5
244,3
2185,9
703,35
7733,4
433,18
674,-2
2487,-2
2859,3
2710,81
727,15
2426,59
264,-1
1198,7
22,13
591,44
3503,-1
2064,20
908,-2
1233,22
3753,7
973,-3
1266,51
835,0
566,3
4360,-3
4989,9
4679,9
1079,7
5323,20
399,6
63,6
3715,34
257,21
3015,-3
6991,24
548,62
2008,16
2621,-2
1611,8
1333,15
1490,15
423,1
290,6
5556,4
427,16
79,34
2283,43
580,1
518,0
1738,9
710,5
398,11
2900,4
342,7
473,-3
910,0
1643,7
367,13
597,5
139,3
3102,5
1601,5
150,6
3162,2
85,6
1487,14
212,11
173,26
513,-1
3618,23
1845,14
1944,16
3169,16
560,0
82,26
1115,17
641,-3
1458,-2
96,11
2306,8
3878,-4
4014,151
2889,27
324,6
81,5
1498,10
1161,-1
674,15
3101,7
1555,12
1794,24
1516,18
716,15
1404,6
2939,17
520,9
3791,38
567,-3
440,2
858,5
1528,7
2815,5
2928,-3
412,-1
57,4
2721,-1
2500,18
355,10
1016,20
199,4
2851,36
2070,16
1511,14
1061,2
571,18
2697,14
107,-4
183,67
1156,12
2233,44
3444,34
1306,14
1377,0
66,10
513,-3
335,-2
168,-3
451,12
623,4
2742,15
306,-3
154,-1
179,14
4252,2
2131,17
795,7
2579,3
1437,1
4175,5
667,15
4950,6
479,23
716,6
4526,-4
3682,14
1500,19
1296,-2
1126,18
614,53
124,6
216,19
2873,22
137,3
1912,1
215,12
313,6
788,9
615,9
1650,44
761,3
3165,-2
1292,-2
434,1
8178,6
1543,11
1938,-2
1201,-2
3874,5
555,-2
67,8
894,2
1034,48
3426,4
355,1
279,-1
474,-4
2670,-1
533,12
1203,13
790,45
2059,14
163,49
4023,3
2987,13
1513,2
1376,3
395,-2
1883,14
784,19
1202,14
2490,8
618,-3
11,8
993,-1
4227,6
4798,-3
111,-3
2055,7
540,21
117,4
2483,13
7029,-1
2,4
932,92
715,18
1397,11
75,19
714,-1
5042,2
258,14
1206,-2
3492,21
3329,7
243,18
1113,21
1118,4
791,21
171,49
222,2
308,25
843,15
5824,31
93,20
926,0
1568,9
748,7
5501,8
2377,3
1111,1
2549,25
1023,24
2858,8
23,15
1636,0
1060,9
2011,2
4402,42
860,17
209,12
6133,44
525,1
1508,-3
1802,-4
377,-2
3025,19
744,312
314,-4
1683,60
507,22
575,2
301,2
894,5
2460,14
1847,14
509,11
1385,11
4319,15
441,-1
639,37
1980,17
115,6
1032,12
788,12
118,5
656,4
227,1
441,12
317,16
967,-1
1632,8
13,8
4692,19
771,1
399,0
1653,-3
2858,11
339,8
1362,11
2968,15
280,46
59,13
582,1
8889,19
3006,11
1913,7
1588,17
456,6
1244,-2
2202,0
3114,6
1095,34
1562,11
1370,0
86,0
2176,5
1770,-1
485,35
2556,10
3197,5
936,13
417,22
122,82
1567,-2
3373,3
2162,2
5133,5
690,2
721,26
972,39
723,-3
1228,0
5889,2
2034,-3
1970,-4
3240,12
73,14
5320,5
458,4
130,-1
612,7
1974,-2
700,-4
283,6
128,229
1406,2
1461,-3
3077,1
1213,-3
1009,7
839,6
1537,5
12,11
1670,-1
2018,7
212,56
70,12
3336,-1
2997,9
850,-1
1694,40
202,45
1730,0
978,10
1813,29
1083,27
1024,2
1628,1
2247,5
1315,14
854,15
1583,2
1229,-1
1131,18
286,2
5067,12
1049,114
2477,10
1055,0
2102,2
460,38
211,5
265,9
1058,8
2133,2
422,36
553,3
1796,34
2958,2
1988,12
90,4
1085,42
3081,8
1716,0
3316,24
283,18
970,21
150,2
5254,-3
627,8
89,-1
1460,34
519,-4
57,0
2005,23
2018,0
2273,5
728,22
2590,9
3079,57
44,16
10,2
1452,17
3364,65
1770,0
1037,14
1354,-4
1173,5
835,-1
1110,17
3524,52
757,85
1537,-2
1344,0
984,32
772,-2
1225,37
2042,2
575,38
668,9
1614,3
725,-1
2895,22
6050,46
1108,14
2315,55
31,-1
465,-1
2088,1
1950,35
1113,80
2671,0
1044,9
4461,13
447,15
4900,12
1426,-1
706,13
702,3
2857,10
1340,36
1874,6
1321,12
522,5
3359,5
4020,50
1222,6
2581,10
132,0
604,11
976,0
338,28
365,0
1966,7
637,5
81,-3
497,6
3458,-3
436,8
1837,30
1138,14
1133,1
3538,7
828,0
443,15
534,11
89,18
217,4
2748,46
280,10
5443,0
1279,14
1418,1
852,21
2473,-2
4615,3
643,63
4489,21
565,22
1447,5
423,22
562,7
1077,1
232,9
4945,14
1127,-3
4964,8
422,40
1768,19
876,2
241,7
993,17
1148,17
1957,30
1129,214
1602,10
1893,0
2592,28
777,3
160,-1
144,5
2222,4
1263,2
1977,35
555,3
294,16
899,8
418,18
1579,3
868,44
1309,5
943,4
44,78
255,8
1065,22
2427,3
576,19
3266,0
153,14
269,107
2699,76
2660,4
2282,49
2986,5
1371,3
732,6
1803,-1
5164,11
982,34
1272,54
620,18
701,13
1283,0
1075,3
4936,11
1012,17
174,14
245,6
2379,-1
351,4
367,22
595,20
823,5
1753,3
1204,1
407,18
14,36
66,0
200,10
115,34
540,3
130,15
1697,5
1135,32
1234,20
576,-3
1232,1
3047,21
3380,0
1819,-1
2083,5
358,4
78,-1
822,-2
1184,16
251,9
26,-3
729,24
5548,15
4756,15
3876,-4
2389,48
1119,6
1604,62
2172,6
232,-1
1836,14
2663,2
1510,1
2049,-2
4605,16
712,11
1960,7
367,6
806,-1
2040,-4
639,31
97,3
258,12
73,-3
9815,9
1797,19
294,34
396,17
4522,-2
382,8
855,2
1953,35
791,-1
1377,11
257,2
1988,0
2587,68
641,0
4505,4
314,14
465,-1
2139,4
510,23
1265,2
1462,10
1887,26
433,5
1746,-4
3965,7
542,9
2404,9
882,17
47,27
4090,88
668,12
2340,5
2363,2
260,26
526,5
288,-1
1710,25
270,29
1066,17
287,53
182,76
2482,9
195,6
2555,16
1886,12
1259,17
267,6
703,14
149,39
365,17
1707,0
759,46
4431,47
261,12
2853,39
824,10
105,2
1627,17
3219,-3
725,2
1294,11
359,-2
3917,20
2197,36
647,19
3337,16
1403,31
185,14
305,2
3414,1
605,4
146,1
4248,4
4752,3
3297,17
925,-2
367,9
2596,16
3425,5
1346,156
211,12
388,11
772,4
875,8
515,13
10496,-2
2689,8
1560,-1
746,16
1114,39
454,10
2286,-4
227,5
250,-2
1510,0
669,42
899,0
281,35
2097,32
1704,16
159,27
1234,2
182,0
1429,20
950,9
50,34
1669,9
794,-3
2501,24
953,4
116,-2
2124,21
4079,8
19,-3
21,-2
1221,39
282,101
1472,1
1458,-4
620,198
299,21
1144,-3
407,-2
512,21
192,3
1491,20
1401,11
7893,41
580,48
1715,4
3864,51
1030,0
1287,5
2896,-4
1177,0
1127,5
182,-3
1904,-3
1006,7
1084,5
1535,20
544,21
1600,6
1706,2
8956,16
1321,2
124,2
188,5
263,20
778,23
1550,10
1553,7
648,7
110,17
114,47
1092,1
2416,-3
281,34
218,0
4275,13
4072,2
947,0
4680,43
2599,46
122,7
469,17
506,3
1030,-2
18,76
404,-2
1645,77
796,5
2142,23
707,2
2179,9
104,2
422,42
2185,6
2036,-1
934,23
137,1
2741,2
692,-4
2072,9
2170,14
1669,52
420,7
162,2
576,2
2067,32
48,8
3848,0
1349,22
2016,0
794,10
1364,1
1236,29
381,6
278,-1
705,9
1065,8
1731,14
3579,14
3779,-2
536,6
1115,8
5227,3
1152,4
2372,9
2032,15
584,17
425,17
983,14
1036,72
1665,-2
1246,14
1184,6
640,20
762,32
802,0
1936,22
2079,17
180,-2
237,49
1326,-3
2404,26
295,4
1658,-4
146,87
286,6
2733,1
1126,6
1838,16
141,33
1198,11
231,-1
3427,14
587,0
8,14
925,98
101,39
748,16
1795,4
2051,20
426,20
2355,27
960,0
1479,-3
2360,7
2541,14
1340,51
5864,29
2771,5
1560,-1
23,6
2280,6
1147,-1
4020,1
1139,78
1869,12
855,52
2151,6
78,14
362,52
441,5
161,35
1285,27
1353,10
2659,3
534,-2
458,17
488,5
2445,6
459,-2
935,1
2217,12
292,-2
1120,27
1404,21
367,8
3893,28
738,29
4787,12
582,26
1473,7
12,4
5403,1
3251,7
26,3
1551,0
3955,26
6357,-1
107,7
140,0
3819,38
3680,0
671,19
2905,-1
3087,23
1107,2
302,-2
440,7
3089,14
865,7
180,6
1468,18
1154,5
170,-1
2083,-1
158,14
206,-1
3148,3
1159,-3
2249,6
2448,55
325,-2
3640,5
972,22
1406,12
712,-1
899,34
370,34
1150,48
252,80
248,10
2033,17
306,1
4567,-2
165,-2
993,4
1439,4
3993,23
511,51
627,7
1700,3
950,1
2248,2
2177,1
2120,35
199,9
1611,3
18,15
221,20
631,2
1425,-2
458,8
349,63
1000,53
2241,9
6311,12
434,49
339,10
577,-1
167,5
299,24
1111,13
492,31
698,53
455,14
135,67
3482,2
702,22
649,59
330,8
3650,50
442,14
1854,53
9395,2
5198,13
1220,0
1690,25
449,17
1296,14
13,38
2455,5
2287,5
2237,8
1750,12
566,0
222,0
2377,8
295,4
2168,3
7254,0
2721,2
1504,6
878,-1
4856,0
2272,38
307,5
180,15
4836,-1
1415,74
1101,4
4016,0
517,8
386,18
1199,1
2197,26
208,12
62,12
1805,15
5376,0
432,1
2882,2
535,7
2032,9
3624,68
1527,14
1420,41
920,7
1187,7
1065,4
219,35
689,7
68,17
981,7
148,5
930,-3
2637,0
994,58
325,3
1557,29
1832,5
1280,6
1316,-2
578,-4
757,9
605,1
800,-3
140,62
3531,-3
24,6
1035,5
1645,27
1120,0
1684,-1
5716,8
940,24
2660,15
407,23
9574,1
791,6
2343,26
2813,36
1367,249
3588,83
26,13
1834,-1
1431,9
2126,3
1073,74
351,8
1552,8
3821,12
1295,2
6488,5
333,31
3,29
1389,10
235,0
489,0
439,3
1814,40
182,1
1974,1
4958,14
23,4
3982,10
1511,3
2019,4
36,43
2326,4
2081,41
538,21
1403,1
458,14
1964,17
290,4
13,29
185,0
27,16
10,-1
3346,3
194,42
155,1
900,2
1128,7
1161,17
2067,7
2903,24
1964,23
1474,4
3346,6
2473,8
1731,7
2983,2
1004,3
632,15
756,8
91,6
212,36
519,14
2518,100
275,3
5054,55
128,20
43,18
1938,44
1856,29
3152,1
1152,-1
64,35
3352,1
2554,0
3761,-1
2244,1
85,8
360,-1
2224,17
288,9
1789,8
801,18
2356,-2
1062,11
7298,-2
1614,3
4027,22
1471,7
2025,77
588,28
6904,117
1854,0
3731,5
79,3
1649,5
2198,14
37,8
1438,17
2744,-2
843,0
110,4
338,71
219,8
686,14
3304,0
3527,-1
421,63
1417,7
1059,5
37,5
30,8
1003,29
558,10
363,11
2155,11
142,-1
68,29
185,13
2346,0
1414,12
341,5
237,3
2835,22
3156,32
57,1
454,9
3712,28
3634,17
2513,1
38,-4
1029,11
2232,35
51,21
543,15
761,5
3551,18
304,24
2186,-2
671,-2
2425,8
708,4
271,19
114,0
3003,4
143,2
982,0
69,8
2919,7
265,12
659,28
194,7
1351,-1
255,5
2282,0
3463,4
599,15
3744,-3
1809,53
3406,-2
459,-2
411,21
1010,0
37,3
87,38
332,28
1242,-1
1604,-2
213,33
1594,-2
611,0
67,9
583,1
2717,59
3064,9
1919,20
837,4
817,0
597,6
203,38
200,3
1903,169
585,4
371,53
3257,14
2193,8
72,8
997,7
3261,0
72,2
637,1
176,-2
962,-2
469,86
2143,44
3048,3
4023,21
745,28
738,2
1113,7
1233,-1
799,2
3815,1
244,28
3258,-1
1122,-1
705,-4
1091,2
499,17
2309,0
221,0
2380,4
156,7
58,6
2030,16
2033,7
266,9
3169,5
1619,8
6422,9
6009,62
799,1
321,4
5214,17
638,16
284,2
1123,23
1155,3
635,74
572,14
1694,10
2240,1
2205,46
1910,46
384,2
3422,-2
523,5
954,38
2275,-2
59,19
1685,6
1866,1
4091,6
3407,8
4644,124
1080,18
1782,7
1416,14
4285,1
952,6
541,-1
1635,5
1312,13
839,6
73,6
3850,4
3090,24
927,11
187,25
2295,7
2286,2
628,19
6170,7
86,16
737,23
1650,1
1089,43
4320,4
2015,-3
411,43
2001,38
1891,22
3192,8
4303,12
3479,14
1767,8
3016,5
2589,4
27,8
169,3
781,7
4858,10
323,4
652,63
1466,2
435,14
1254,3
130,8
142,18
440,-1
1199,49
24,30
1658,-4
7,9
972,-3
3398,-3
456,29
3504,19
841,1
291,5
212,18
1878,15
208,20
962,4
327,-1
433,-1
768,18
7747,-2
668,21
614,37
2318,24
7997,15
1474,2
832,16
1922,1
301,70
782,13
1869,14
2295,-2
4,14
2259,35
4251,13
62,1
283,11
1607,7
1184,10
209,19
2997,26
1985,16
296,30
1823,1
678,34
1718,25
610,18
25,10
1534,15
2781,28
2220,19
1192,6
177,9
2087,48
1841,26
6,67
484,4
835,10
2101,0
4705,-1
5750,3
133,2
713,27
140,-3
652,42
1260,3
460,61
2821,10
585,1
10117,1
291,4
206,37
2286,2
446,15
2116,115
2030,11
693,19
1132,3
520,7
326,-2
187,8
1429,23
286,16
3098,15
2083,12
493,34
5644,1
1073,40
4713,9
843,3
1805,-1
88,5
2621,12
708,22
989,1
722,37
1381,-1
969,0
1871,19
1043,5
3284,1
695,1
123,27
1268,25
900,20
253,3
4158,4
984,1
554,8
861,4
71,8
4250,12
1070,13
6912,30
190,0
1701,62
4829,4
705,11
139,18
227,17
1182,17
1570,26
668,8
707,6
389,3
1871,3
745,45
1667,-1
3239,4
1500,1
2801,-3
711,7
7586,4
1776,9
46,4
268,9
3067,20
1657,-3
2464,5
751,1
2957,5
2633,4
2156,7
2279,45
801,0
876,6
1268,2
1235,6
734,7
1341,33
1384,36
485,-2
240,1
2683,1
7163,126
1784,11
24,33
1168,3
2567,10
1660,1
1310,2
1551,6
1346,0
5264,56
2885,2
76,-3
439,11
313,33
139,2
5565,10
205,12
708,13
355,10
1305,7
2001,0
41,5
187,11
494,-2
821,3
979,-2
6432,35
606,3
89,12
1288,19
21,9
1739,-1
150,-1
545,38
3303,1
514,14
1340,1
3866,-2
4168,11
981,32
84,3
162,-2
38,6
54,30
287,26
2732,2
1075,2
622,6
665,0
252,2
92,11
1422,66
592,4
248,-1
958,15
3618,10
1132,33
1134,22
3030,3
1486,9
2989,4
2585,26
557,7
3159,5
566,0
857,-2
483,23
445,18
85,1
2463,3
262,17
1994,6
1497,4
1273,5
3,-4
1022,9
1029,3
42,4
522,21
483,45
2344,17
534,10
1095,8
1585,4
1991,0
3538,2
1091,23
563,-1
1500,1
176,7
43,10
282,95
1058,73
1137,42
49,21
2825,113
940,20
659,7
2983,3
4311,21
1959,-1
1001,53
1719,13
4384,108
1796,1
806,6
4,10
884,-1
337,5
1071,10
3312,20
1336,33
5477,-3
250,9
506,3
4941,10
1583,5
356,-2
303,28
384,2
397,1
2619,85
1845,8
3666,24
1982,6
777,26
2963,17
75,-2
895,2
1576,4
901,6
3523,56
830,12
648,-2
10470,14
2364,9
453,2
552,40
2353,245
396,8
2658,1
6795,1
2957,14
1682,14
2087,16
1892,2
938,21
479,12
189,1
1075,-2
3647,31
2395,18
1430,9
628,12
621,-3
1877,44
210,58
2769,53
275,18
38,47
1150,67
845,-2
428,8
2004,8
404,22
1985,-1
290,16
4109,3
2290,66
1517,7
536,2
1370,18
604,28
2553,27
352,6
1962,28
1357,16
510,17
2124,5
5773,-1
1249,5
622,2
4036,3
552,3
1886,2
7512,13
3149,8
1302,10
419,6
608,0
70,11
3784,9
3654,-2
2252,1
2142,-1
1290,52
531,33
1484,0
313,-2
550,-1
1639,22
4720,6
3781,3
2485,23
2917,40
685,46
1994,-1
864,29
6036,10
120,-2
1981,4
740,-1
866,1
748,8
1378,16
2400,70
847,11
1053,44
830,64
1861,0
1343,3
1427,-2
233,10
2172,10
2192,7
235,56
1693,-1
1286,6
1017,1
5367,7
1364,5
1884,8
195,13
1225,19
1143,6
6635,0
2967,3
2279,8
456,-2
1164,7
146,10
239,0
164,5
2157,6
3782,5
631,59
1203,5
1133,-3
2186,-3
1742,17
2769,22
1939,10
1662,32
489,6
973,1
108,17
1284,-1
2271,45
597,-1
2649,9
711,-1
34,52
320,-1
2033,46
1026,-2
549,-3
66,-3
779,34
652,-3
1049,11
1148,7
912,10
805,-1
2004,9
588,4
10,36
565,34
182,45
85,4
375,-2
161,0
586,57
1725,14
551,14
1713,1
921,-1
861,7
1901,9
1927,1
3223,3
122,61
1581,13
3719,1
1181,12
1432,9
767,-3
399,7
499,0
537,14
824,30
527,20
1123,10
1896,6
4370,12
793,12
460,0
3622,4
275,18
10,4
11202,-3
1739,2
532,9
1997,42
4108,26
1319,50
55,80
83,6
975,13
784,22
214,74
2239,3
913,27
4479,16
1251,60
1298,7
18,-1
2461,36
2007,13
896,27
4255,-4
8683,-2
1332,6
460,-2
1203,5
1174,7
485,5
1280,-3
146,-2
462,3
1179,-3
875,5
870,2
361,7
469,0
471,13
2623,82
629,-1
4148,52
4172,7
1385,4
2017,35
103,14
1755,106
2096,1
1310,0
3094,5
4933,21
4757,0
2538,4
356,38
4144,4
241,6
2025,0
2013,0
1429,4
6637,7
836,0
3502,29
674,0
6075,-4
1719,2
1405,91
323,-1
1691,-2
445,6
312,8
26,-2
1022,0
2506,-1
802,4
1,5
2427,1
1390,9
4725,-2
222,2
7137,38
286,35
2376,3
1096,29
353,24
1781,41
2741,9
4303,12
4643,0
1803,19
973,13
2073,0
441,28
2118,-3
209,2
2417,51
2840,5
1787,11
1429,0
610,3
346,57
146,6
463,2
37,4
3399,2
954,36
401,22
849,22
894,43
675,12
4292,7
633,3
30,-1
4196,19
1669,13
479,3
1886,30
2351,8
1301,10
240,11
356,22
98,20
2384,11
1245,119
3003,4
783,3
983,0
1159,9
792,14
1757,-1
577,4
4634,6
314,1
1526,-2
1912,-2
625,5
342,-1
1275,7
430,89
2844,4
729,4
292,3
1676,-1
2650,50
279,7
2386,28
3758,9
972,7
232,2
1704,29
3754,2
3775,3
1759,89
6373,16
2011,47
2503,26
176,21
87,0
359,13
420,6
1884,8
759,12
1848,10
128,45
1819,7
6886,-1
7788,3
1116,4
1269,3
5341,31
102,10
467,47
1922,-1
98,-1
1997,-3
8,12
545,2
1114,-2
1043,-3
3153,17
2080,37
1559,47
998,3
1777,54
268,71
424,14
2945,-2
60,10
520,0
3829,16
1500,-1
654,7
659,0
1084,20
1116,2
261,3
1784,3
2521,58
571,88
1698,-1
2742,27
41,8
24,4
423,5
2826,4
1390,40
1583,4
1931,0
4133,-1
3259,3
8180,3
94,0
7364,12
4723,-3
273,8
1705,-1
2783,15
598,-2
3110,28
498,9
3146,5
1996,5
3005,27
408,3
1240,23
354,64
3761,11
1176,4
866,2
173,6
3132,10
4186,35
5069,24
925,149
2532,16
1867,-4
3020,45
872,7
383,0
201,7
2327,2
5365,32
1938,20
52,10
844,30
4704,0
3462,6
155,56
3603,31
776,2
977,2
1077,19
1340,24
848,31
258,6
439,6
3743,-2
710,3
2914,-1
1034,10
2694,63
1454,2
4,4
155,2
327,-3
5599,18
241,4
973,9
53,1
62,6
1167,-4
2075,12
808,10
2017,17
951,6
82,-2
555,49
4577,1
432,-2
2074,16
510,6
762,17
4996,-3
2512,3
1512,93
1058,18
158,16
974,14
3204,-3
707,2
179,8
103,7
760,3
439,12
1174,3
384,20
339,16
322,2
2421,7
101,3
828,29
3468,21
27,9
1578,-4
188,16
1231,32
516,2
2956,1
2261,15
5976,9
1540,44
932,82
191,216
629,7
2628,17
1195,4
2962,27
957,4
814,12
1083,22
1495,13
1255,10
1582,25
283,3
1228,2
573,6
904,8
1286,14
306,10
393,17
1246,13
2810,18
939,5
710,22
933,10
2267,102
117,2
760,15
3267,40
5096,34
955,3
3148,5
1713,11
1209,15
1262,11
450,2
1557,-3
6110,32
119,-2
1565,10
482,-2
618,14
1604,20
30,41
3424,-1
664,10
1132,22
1465,20
232,1
5716,29
570,-2
54,0
1589,1
859,7
1354,1
14,7
557,42
758,3
43,1
1443,10
577,-3
1390,10
1659,0
481,15
1114,25
3049,3
1483,1
122,7
266,8
1522,44
703,3
1670,1
1183,1
1052,17
167,27
137,22
2008,-1
1531,-3
4347,1
1606,25
1046,-1
921,7
355,-1
1183,-1
242,0
89,25
3353,13
1348,-1
134,8
1363,-1
223,7
670,6
2391,7
633,11
581,2
125,14
4380,8
711,6
2526,1
2943,7
8700,1
2631,7
4111,40
1929,77
1710,8
1919,22
1492,48
1911,0
1438,0
1585,-1
801,29
1314,7
1849,9
241,1
1598,61
2228,10
1300,23
315,3
885,6
4039,9
1201,19
293,14
90,-4
245,-1
823,56
1335,17
6196,14
562,17
780,2
1479,45
420,3
2702,5
343,1
4414,-2
980,44
650,3
2304,11
824,3
336,60
528,1
4866,7
410,2
638,2
1396,3
1752,0
1400,0
2073,8
3348,28
3454,31
6743,4
305,-4
4273,1
1515,2
982,-4
162,6
6,18
763,16
16,18
1536,10
913,-1
466,4
962,28
569,39
421,85
3433,8
988,14
456,34
2185,198
416,28
563,6
756,13
1857,3
1759,-2
3025,1
106,1
1708,2
2460,-3
140,-3
132,6
34,41
1672,45
459,6
2084,17
2637,-1
4459,14
2283,14
1923,23
1781,11
913,9
2885,31
1660,2
2402,68
896,23
737,9
170,5
1027,12
978,-1
1390,0
2664,-2
497,11
550,3
226,22
1348,7
9,102
2438,0
1007,25
136,4
2485,12
2,12
2518,-2
1085,22
1323,4
276,7
2196,12
222,15
1385,23
2322,96
1421,6
4235,5
423,0
3056,-1
1067,2
376,11
1410,29
919,1
700,15
209,8
499,29
143,11
2188,0
282,6
1317,29
2196,4
2234,11
1494,33
49,-2
1255,6
577,0
983,-3
412,63
1231,-1
77,38
1530,-4
4954,48
7414,12
1009,5
512,11
1572,11
2015,5
215,36
521,11
2634,12
3002,34
1094,28
844,5
260,-1
2134,5
223,5
458,8
1417,6
713,5
72,154
1949,0
42,7
823,12
1499,18
1301,0
387,4
1797,7
348,6
1614,-1
1078,1
2141,1
252,24
1912,36
1363,7
1037,6
2339,12
1321,-1
115,5
234,29
1133,1
805,30
1608,95
405,29
2803,1
3206,0
1923,4
337,-4
520,62
75,45
2556,-3
309,1
4530,15
1168,8
2443,10
1059,23
2121,88
165,-2
2727,-3
344,12
1172,41
521,5
526,9
798,1
4202,22
3171,10
696,16
55,8
96,46
2996,24
1267,0
2180,69
1063,10
527,50
395,5
1369,11
70,3
995,0
386,1
328,56
957,6
170,7
1366,13
405,3
1839,3
1153,21
2830,23
890,94
1093,89
218,-3
4378,6
58,1
202,16
1952,-4
545,-1
1152,0
120,32
2127,2
42,1
701,8
1095,12
890,-3
121,10
3444,17
1906,6
967,3
6134,23
327,41
5285,-1
877,1
282,7
3714,1
1568,25
1169,0
2737,-1
102,2
1855,10
7149,58
1003,5
1376,20
8486,40
1479,-2
4712,29
588,2
1117,5
2667,16
179,6
1176,24
2000,35
522,1
3751,2
2059,-3
10750,15
634,6
366,4
567,18
986,6
1509,0
5107,-1
6663,6
1247,9
325,0
6756,7
360,0
93,16
1348,12
8808,6
260,28
6591,21
383,-3
4921,0
647,12
1386,8
4382,39
3647,8
961,-1
822,11
957,-3
1011,40
1548,-3
1103,36
5483,35
3858,6
183,10
2188,28
2127,0
49,1
2407,9
6124,5
183,2
1167,5
616,1
42,-2
857,1
619,-1
211,10
4117,12
1683,17
694,0
705,14
3235,13
292,1
998,5
400,8
2175,3
5668,3
2319,21
1318,6
2306,18
2620,5
1160,9
1013,0
3200,13
317,14
1265,5
109,5
663,0
7433,4
750,28
1226,1
550,4
1630,25
329,8
5016,12
781,15
7845,-1
589,-2
710,13
1135,4
1400,59
2514,24
3760,6
509,10
2680,22
56,11
330,3
1775,-1
541,55
6147,14
977,41
3248,36
583,65
33,-2
2071,19
1541,9
548,2
434,-1
1395,11
356,15
2868,-3
1014,2
1505,9
3066,2
306,17
4904,51
3422,13
914,23
2184,34
33,3
801,3
1582,29
386,77
5530,38
1586,10
375,20
923,6
2171,8
4037,3
764,7
772,-3
501,31
486,-1
2271,-1
56,4
1134,8
611,11
615,-3
825,0
875,0
425,7
1766,2
1332,9
4067,-4
1935,5
854,13
567,12
1352,5
5,2
425,7
2953,117
3576,-3
1658,39
378,2
721,7
1387,8
668,6
3280,20
1111,7
1112,1
3408,27
374,32
1028,-2
1928,0
3879,1
1521,31
2296,10
291,0
295,3
3183,2
722,8
3636,5
568,13
156,33
126,8
173,24
1031,0
325,1
306,92
38,-3
1008,0
854,1
4241,2
947,19
651,0
518,60
1398,75
774,4
1314,28
2577,22
1078,3
935,3
581,5
1844,18
1964,2
296,-3
180,8
1130,33
4255,26
18,5
89,3
688,33
1383,17
2220,3
645,10
135,3
1350,56
411,60
227,39
2787,1
2780,6
1500,0
5360,2
80,8
832,44
404,52
2064,1
3549,7
459,0
208,21
946,27
457,-1
911,9
2425,3
589,21
3630,50
1380,0
1305,1
766,45
847,18
4877,24
1035,11
804,4
419,3
48,5
884,21
195,45
111,-2
2721,19
1650,29
776,21
3438,-4
1728,17
2224,7
966,37
1149,18
1071,0
4563,6
1186,34
546,2
1510,-1
26,14
1353,1
2185,28
68,3
158,0
2137,31
2317,3
241,9
6216,36
1367,9
939,11
58,3
39,16
92,12
964,40
5942,7
1520,4
1083,0
843,0
1626,41
1332,3
1946,6
2764,95
1386,1
147,10
1243,19
2397,36
578,-2
105,5
213,23
1075,12
1495,6
571,7
192,81
2845,9
1067,11
1742,23
906,9
3479,9
719,5
2990,3
1204,9
505,5
1111,24
1087,8
741,12
29,6
1156,3
1330,0
731,0
17,24
909,0
354,5
1885,29
6580,13
141,-3
726,9
196,37
298,30
2149,24
2199,16
910,6
1734,0
46,1
338,4
2915,55
2272,9
388,0
1594,28
910,1
896,18
2131,17
4218,4
918,2
244,0
1251,51
524,23
123,0
2649,15
455,2
3899,12
1699,2
846,-2
1590,33
2059,4
3077,6
3322,15
353,0
467,7
1373,19
3667,10
1054,5
182,17
105,3
1579,2
890,2
2454,21
964,17
1309,37
11,-4
1395,5
532,13
1086,9
799,0
490,14
252,2
794,2
129,30
2684,-2
529,17
415,3
1493,6
773,3
540,38
1414,11
32,5
1074,-2
790,0
1063,4
776,2
324,1
4704,54
2054,-1
181,30
769,12
1123,-2
5920,6
2048,45
634,-2
3155,0
75,-2
780,12
96,4
1070,9
2022,198
2315,36
1005,15
4068,1
4555,19
1045,-2
650,0
1741,-3
1164,3
527,5
1395,-1
2764,29
197,2
599,1
1265,14
1657,8
1036,10
228,27
358,9
833,0
1220,12
2419,-1
2008,9
1308,24
2085,16
467,-1
1162,19
2501,-1
396,23
223,2
34,-2
210,1
499,2
3521,1
1260,20
236,6
862,-1
1305,1
6794,0
248,2
626,-1
1153,2
2271,12
5197,0
357,3
2026,19
3346,-2
2119,7
3484,-2
11,2
1371,-3
1206,4
2528,9
2010,13
1356,41
608,55
393,28
2033,-4
3156,36
210,0
1489,14
4886,20
1471,8
1639,-1
1033,225
731,6
2137,13
1470,4
3500,1
164,-1
96,0
2029,1
3365,69
634,-2
182,12
3479,0
508,25
47,13
1345,-1
466,15
0,19
571,15
75,-2
1152,47
1700,4
452,2
1757,23
110,27
13,4
1223,6
4618,-4
1033,3
1239,0
801,21
590,13
206,19
1001,6
1945,-3
88,1
4360,-1
290,13
1195,8
3684,18
1398,38
1360,11
425,4
2208,23
131,8
5648,1
1292,9
1190,4
2133,7
1621,5
1317,26
258,5
1601,12
40,10
6414,7
334,-1
2227,9
1715,17
850,14
140,14
347,10
436,6
2244,5
41,3
858,49
665,-2
4385,7
2119,1
274,28
983,3
3735,5
2051,28
419,18
606,4
707,2
1238,19
1343,28
1987,3
245,1
2813,13
1366,2
5769,4
142,6
485,6
318,25
194,-1
1683,3
4125,4
461,15
1606,25
436,5
104,3
1470,-1
714,27
324,41
122,22
692,23
10464,63
1340,-2
234,-1
1040,6
820,-2
2412,30
183,35
1231,28
1484,19
730,7
345,32
1718,2
3251,8
552,2
368,4
432,-1
1594,49
64,18
4823,-4
3,21
3648,16
612,187
150,14
1268,8
1909,7
1418,15
1852,14
1261,75
961,-1
4040,4
1737,-2
404,22
1348,35
65,20
989,-1
3490,2
1610,2
2626,6
3002,9
3334,8
5980,2
698,2
1321,2
939,5
1287,16
1447,90
643,-2
140,1
6413,-4
25,40
910,18
401,16
1419,-2
866,1
2640,79
995,7
2827,3
290,32
5227,-1
679,11
197,7
3790,11
198,13
440,7
1051,4
86,30
242,-4
2802,3
300,2
1873,15
266,25
3956,13
1391,4
2786,7
2375,12
715,-4
7214,7
1300,58
580,17
774,4
8112,16
443,12
353,21
21,-2
2399,0
2629,13
3567,14
223,0
844,35
4578,14
1162,10
3490,-1
341,4
1671,12
1577,-1
475,3
370,0
4230,-1
1421,6
168,1
1144,10
639,3
594,-3
264,13
4068,10
3552,8
13112,-4
885,3
1396,29
127,-1
4084,22
2624,20
1313,5
3176,81
1908,28
2264,1
2269,2
9,5
348,9
830,0
251,30
1724,19
3993,6
4585,0
228,13
2191,6
7925,14
6293,84
7263,4
167,-2
3937,35
2524,37
1565,-3
873,2
1599,0
6633,1
368,5
1626,5
2360,1
2570,5
131,-1
120,43
3627,-2
34,-1
600,4
4942,15
291,26
3463,4
469,16
1656,5
5398,-3
5614,53
691,3
430,30
1019,31
1562,3
262,18
273,35
4024,3
2464,13
620,21
488,31
506,23
2059,9
645,15
121,1
4794,-2
559,42
1335,8
2443,30
998,8
798,11
300,6
89,2
1189,25
1439,13
413,37
873,5
1013,7
967,11
665,11
933,17
1774,9
178,11
802,2
771,14
77,17
1332,52
1946,5
957,13
1260,35
14,10
2037,26
533,1
171,-3
326,7
459,10
722,0
3517,2
1193,3
339,-2
108,11
291,-2
1537,0
1785,3
290,66
1937,12
318,12
342,9
2821,4
6459,5
4093,1
841,0
857,-1
2122,0
526,1
1652,3
1897,21
738,27
1599,1
529,4
3472,-2
2273,2
4860,44
448,12
1095,1
377,1
8866,10
544,13
443,65
730,45
126,9
82,4
1215,-2
1093,-2
1104,1
82,1
1434,15
1264,36
2016,3
2214,-2
1130,-2
2448,35
24,9
1432,27
148,7
5707,15
5261,0
1537,13
1536,12
3854,19
2791,-4
317,16
548,7
3776,37
309,25
327,2
1033,-3
638,4
172,23
7176,1
49,8
432,15
361,10
3388,6
115,-2
1174,0
528,-1
1779,110
291,13
587,14
2232,58
408,1
3083,-4
6183,-1
1339,-1
338,9
663,42
305,8
1261,0
699,62
550,2
189,7
2109,17
9556,83
1719,-2
1497,10
1537,1
1566,12
3518,6
2552,1
1324,12
1160,4
1216,2
1174,24
2397,8
570,3
604,7
50,-3
2854,25
341,-2
48,13
687,11
3855,10
5385,18
1105,-2
193,7
2573,1
598,7
384,33
341,0
905,1
262,12
2641,1
1995,-2
1038,3
1141,6
897,24
4280,34
793,14
909,23
1592,31
877,8
829,7
3833,3
2444,-1
4801,9
269,16
1251,0
546,29
6237,3
173,3
2399,3
369,18
414,5
2108,2
1224,35
6490,0
561,16
1032,1
2472,2
3457,6
1622,-1
3737,4
150,3
322,28
1108,50
229,31
1258,8
173,-2
1205,148
227,6
5137,1
373,31
6731,6
124,18
1060,-1
2441,26
3238,5
478,12
3953,2
6080,2
1418,7
395,4
53,-2
385,-2
234,7
135,55
2485,17
186,4
4285,0
856,6
1034,14
3570,13
1138,48
2455,17
579,15
4654,13
1832,15
175,20
2304,22
1993,14
348,1
1041,9
1351,5
293,20
287,11
2226,2
1645,9
4777,17
954,1
2263,-2
1961,2
71,1
863,6
1287,13
49,17
801,6
1164,1
2956,1
1495,2
481,9
1712,29
166,54
404,1
3845,-2
196,-3
2079,13
3875,-2
2661,10
745,10
511,3
226,80
1365,3
481,40
2760,2
62,2
220,20
1662,13
1818,3
907,6
4671,7
53,4
578,2
5074,6
5482,24
1747,10
190,41
381,11
8413,8
277,8
4,64
2299,-3
4804,-4
2918,0
354,0
5171,10
922,0
418,4
2757,13
813,3
2579,0
1619,16
2948,38
355,5
192,0
89,56
131,10
340,-2
1848,22
564,1
2152,1
707,8
708,5
971,0
2061,48
2315,22
82,2
420,11
5521,-3
445,-2
2439,13
228,64
160,9
3684,23
6,53
513,2
7,1
1018,0
1508,8
2313,15
3634,8
483,1
653,6
1075,1
1144,29
1716,27
1536,6
2784,3
1549,6
8336,14
353,2
3332,6
1145,-5
1874,78
449,12
1113,-3
660,20
299,41
3301,-1
306,29
2758,16
1175,6
2621,-2
2622,7
1322,-2
6472,9
601,-4
3146,9
3155,10
1514,-2
862,7
695,9
392,5
623,1
1307,13
2390,9
94,12
1548,8
424,121
2386,82
1283,13
737,-2
2061,-1
664,10
682,8
2486,6
396,5
1606,4
4145,3
1872,0
2226,1
1533,7
2011,-1
1595,0
1246,-3
417,7
455,5
385,-2
7839,6
214,2
985,131
1862,-1
2073,7
5554,7
705,1
1211,83
1198,10
896,52
887,-2
808,10
33,4
1327,13
5567,17
116,10
745,8
5666,6
705,10
856,10
2620,6
276,22
1245,118
1111,-3
5267,3
747,11
2847,0
699,0
259,6
148,4
290,73
1569,30
1996,6
3319,-3
2082,11
556,18
515,8
392,8
1321,6
763,2
90,5
1037,-2
3573,20
630,20
96,22
611,-3
1488,1
172,31
286,6
1479,-1
1182,2
186,14
1436,17
401,57
253,43
6842,12
427,7
279,9
1080,23
1063,8
1300,5
1803,16
3749,27
1190,8
2049,8
359,-3
465,53
3884,7
3040,-1
1889,0
43,60
146,0
76,22
296,9
1098,18
2275,15
1410,82
658,7
1037,3
2109,2
532,21
203,5
593,6
1122,3
639,-2
2609,12
301,7
1566,30
761,6
1980,8
137,5
2309,-2
9354,3
4570,9
403,-1
943,61
4303,3
1614,6
3952,7
284,4
1143,14
2937,12
4870,1
4028,6
3120,51
21,12
420,6
202,2
291,41
1025,3
1098,7
316,1
2547,11
504,5
1686,569
2564,687
1776,2852
1602,1222
4862,874
3566,1336
1253,748
607,920
1033,749
4051,909
274,1672
410,4145
1331,7172
1041,1222
1102,1692
181,474
304,1676
2161,2318
475,942
462,792
592,1161
183,1117
299,998
925,2444
1670,620
503,2133
814,664
204,504
1990,1909
868,679
594,864
931,467
4,1020
542,1810
126,1022
1674,1380
1138,1390
2149,14035
993,480
603,4149
244,2024
101,649
804,3160
745,710
4985,755
3095,562
365,678
330,624
430,32904
1899,658
4956,7680
2463,1131
508,1352
25,628
3348,1579
134,735
1000,522
139,1088
2531,1281
63,461
4366,27278
163,879
531,751
713,1024
1220,1084
480,855
96,1031
637,1029
1640,601
885,1119
1227,563
8160,1768
167,1910
829,651
1859,3234
3311,476
181,488
129,651
1992,1545
507,1541
897,988
1067,1250
2068,1089
2074,640
670,619
805,1128
527,476
600,721
75,678
111,2564
384,3513
3124,3895
271,3174
3709,634
966,1123
324,1844
132,1652
1164,3630
1404,772
3851,463
900,1403
1795,1201
1868,1040
338,5903
2231,3376
2767,38920
4748,506
226,467
2290,2656
217,464
2070,861
4966,530
132,78355
188,847
1144,675
6131,1790
419,565
1614,466
1112,92726
178,529
3558,572
1364,1028
504,464
4505,4641
305,581
17,764
284,914
2049,2325
4198,3396
6068,2560
124,1254
858,982
797,620
1905,1307
300,648
1330,3578
1149,1727
1214,782
651,822
881,518
430,7729
3558,990
2812,837
365,478
1241,504
915,511
4921,718
242,534
996,1893
95,491
776,1163
1286,858
913,1384
1780,1626
1540,3389
108,563
2392,617
2336,497
2389,2436
3689,57592
1274,840
374,1281
1460,1845
6311,1249
357,771
3457,4710
1694,533
352,1318
24,4748
1212,1050
1627,1070
33,718
381,566
763,514
387,514
401,512
1391,628
5171,544
1295,505
3428,827
1328,1340
3377,531
934,1340
1435,513
2045,497
276,472
4165,460
3166,1509
6248,3664
501,748
419,982
1224,788
4262,1133
133,1613
1546,1124
995,2207
880,562
1568,1990
569,2154
3308,1595
1599,570
1415,772
2064,739
27,1154
983,647
173,550
731,859
1519,605
606,623
305,1262
2924,1849
384,1769
8,2400
2278,497
762,910
5628,972
1321,1016
1321,725
923,672
92,585
996,468
17,509
1968,1803
535,42187
1043,662
548,517
464,731
1350,51300
1965,1817
1,904
2202,595
2376,661
1051,862
563,595
2382,719
3254,2738
7136,1001
4187,1380
469,1188
1957,3992
171,579
1801,1327
6,861
1105,545
1172,1309
197,554
94,667
2683,935
1869,550
8215,510
851,577
750,491
47,2243
705,515
4367,3591
1578,2838
1856,7027
1803,2547
5,528
549,485
998,853
1042,1073
725,735
2125,660
3859,1077
1414,659
868,603
3151,5551
1062,615
2615,1585
5626,1117
1124,1698
2056,3162
46,715
609,1571
2331,1462
2672,883
764,603
745,1013
1459,762
569,725
76,1171
876,810
452,489
2129,570
430,476
198,2632
124,1802
639,547
43,957
3407,858
1175,285794
345,698
398,1445
905,1001
474,33995
150,3337
315,573
414,496
1343,6884
33344,903
18975,928
39057,880
25106,3143
29962,1649
25277,1070
39978,6498
19374,124670
29048,484
19123,627
39083,567
28991,551
17086,486
21224,6252
15537,793
14749,6515
125154,779
57231,569
18000,557
35573,516
25440,1208
22567,1667
115307,1422
41043,481
16647,668
18695,620
23797,778
62913,699
21766,695
35232,523
17212,1732
17520,818
18381,2818
16646,4512
18352,600
19694,519
73443,750
49889,9374
53396,10250
16902,710
32234,1531
25833,561
13147,519
15177,21264
18724,515
18170,555
14970,30414
15238,2619
22845,488
13463,984
68530,495
17925,698
16326,3420
29561,587
73787,1140
33408,869
23152,1043
1261727,470
18877,3818
21861,2814
62103,467
30726,501
20486,1516
14735,525
71544,2082
14820,1011
450376,634
48093,495
51254,617
14497,472
14461,1185
40246,686
16907,3328
13726,521
30215,7327
27767,917
19591,557
21692,3332
15213,701
14193,3762
53266,636
67074,1943
52247,1502
29526,890
66883,2474
13934,549
39550,1172
13183,611
13412,1098
693558,1098
23376,534
40778,571
35626,1013
13449,525
22438,1143
76124,601
17433,457
41746,858
53076,491
66858,504
16799,2444
14535,479
25596,29970
17155,524
55206,5483
141415,483
14424,63200
15365,8436
18334,512
16931,1216
37169,3143
22418,1118
25901,22257
25875,2715
16732,967
30710,576
35540,574
29739,1187
23181,698
18400,12816
26101,476
31423,647
36005,6048
29067,814
17656,1214
16315,5307
28870,3709
15323,750
32535,270003
14388,512
15400,580
16022,12640
28076,2139
44683,3988
15393,792
317623,43231
35474,5036
57378,1433
15204,1089
13148,577
16654,504
25708,1049
15870,2654
95834,923
19289,489
23375,546
14383,567
23342,534
18444,1752
14577,927
19113,2586
35507,537
15893,604
25998,619
17852,556
15939,805
21946,1215
19752,674
13169,8578
18431,586
16144,1475
134217,465
13143,517
90182,477
15630,492
42580,468
19659,706
39432,18928
14082,695
13999,779
53907,9829
25225,738
20540,771
16715,539
13966,1493
137454,2159
21744,4514
13208,1076
31027,868
17966,724
27787,1475
16574,1211
15755,628
19336,947
49598,516
14929,1021
15731,770
21388,8188
20032,1178
52366,714
22569,467
17915,647
15202,1361
84789,831
33244,1017
25553,483
24094,757
14808,792
16506,662
332184,1025
